Adapter-Driver,Good Sum,Critical Sum,Warning Sum,Client Count,Total Sum,Adapter,Driver,Good Roaming Calculation (%),Driver Vintage
MediaTek Wi-Fi 6 MT7921 Wireless LAN Card - 24.34.2.571,6309,4316,3580,45,14205,MediaTek Wi-Fi 6 MT7921 Wireless LAN Card,24.34.2.571,44.4,2024-05-16
Intel(R) Dual Band Wireless-AC 7265 - 22.110.0.2,28055,12213,5512,53,45780,Intel(R) Dual Band Wireless-AC 7265,22.110.0.2,61.3,2021-11-27
Realtek RTL8852BE WiFi 6 802.11ax PCIe Adapter - 6001.15.155.1,18614,3509,884,35,23007,Realtek RTL8852BE WiFi 6 802.11ax PCIe Adapter,6001.15.155.1,80.9,2024-10-24
Intel(R) Wi-Fi 6 AX201 160MHz - 22.120.0.3,293501,27964,13589,624,335054,Intel(R) Wi-Fi 6 AX201 160MHz,22.120.0.3,87.6,2022-01-30
Intel(R) Wi-Fi 6E AX210 160MHz - 23.70.4.1,23004,561,2166,33,25731,Intel(R) Wi-Fi 6E AX210 160MHz,23.70.4.1,89.4,2024-08-13
Intel(R) Dual Band Wireless-AC 8265 - 20.70.17.1,11821,752,590,37,13163,Intel(R) Dual Band Wireless-AC 8265,20.70.17.1,89.8,2020-04-15
MediaTek Wi-Fi 6E MT7922 (RZ616) 160MHz PCIe Adapter - 3.3.0.908,73528,5622,40,110,79190,MediaTek Wi-Fi 6E MT7922 (RZ616) 160MHz PCIe Adapter,3.3.0.908,92.9,2023-11-26
Realtek RTL8811AU Wireless LAN 802.11ac USB 2.0 Network Adapter - 1030.44.822.2023,752125,41392,9393,846,802910,Realtek RTL8811AU Wireless LAN 802.11ac USB 2.0 Network Adapter,1030.44.822.2023,93.7,
MediaTek Wi-Fi 6 MT7921 Wireless LAN Card - 23.32.2.560,19427,1185,65,39,20677,MediaTek Wi-Fi 6 MT7921 Wireless LAN Card,23.32.2.560,94.0,2023-07-16
Qualcomm Atheros AR9580 Wireless Network Adapter - 3.0.2.201,62782,3081,663,99,66526,Qualcomm Atheros AR9580 Wireless Network Adapter,3.0.2.201,94.4,
Intel(R) Wi-Fi 6E AX211 160MHz - 22.150.1.1,30286,49,1613,41,31948,Intel(R) Wi-Fi 6E AX211 160MHz,22.150.1.1,94.8,2022-06-20
Qualcomm Atheros AR9580 Wireless Network Adapter - 10.1.10.5,42931,1687,407,96,45025,Qualcomm Atheros AR9580 Wireless Network Adapter,10.1.10.5,95.3,
Intel(R) Wi-Fi 6E AX211 160MHz - 22.220.1.1,1065050,31819,18334,1029,1115203,Intel(R) Wi-Fi 6E AX211 160MHz,22.220.1.1,95.5,2023-04-02
Intel(R) Dual Band Wireless-AC 8265 - 20.50.3.3,230310,5664,4419,380,240393,Intel(R) Dual Band Wireless-AC 8265,20.50.3.3,95.8,2018-04-24
Intel(R) Wireless-AC 9260 160MHz - 23.40.0.4,47048,1751,283,52,49082,Intel(R) Wireless-AC 9260 160MHz,23.40.0.4,95.9,2024-03-09
Intel(R) Wi-Fi 6 AX201 160MHz - 23.70.2.3,97544,1264,2593,231,101401,Intel(R) Wi-Fi 6 AX201 160MHz,23.70.2.3,96.2,2024-07-23
Intel(R) Wi-Fi 6 AX200 160MHz - 22.130.0.5,45027,884,836,51,46747,Intel(R) Wi-Fi 6 AX200 160MHz,22.130.0.5,96.3,2022-03-14
MediaTek Wi-Fi 6 MT7921 Wireless LAN Card - 3.3.3.854,27005,985,39,51,28029,MediaTek Wi-Fi 6 MT7921 Wireless LAN Card,3.3.3.854,96.3,2023-08-22
Intel(R) Dual Band Wireless-AC 7265 - 19.51.12.3,99015,3475,197,112,102687,Intel(R) Dual Band Wireless-AC 7265,19.51.12.3,96.4,2018-04-24
Intel(R) Dual Band Wireless-AC 7265 - 19.51.27.1,88456,928,2092,93,91476,Intel(R) Dual Band Wireless-AC 7265,19.51.27.1,96.7,2019-12-02
Realtek 8821CE Wireless LAN 802.11ac PCI-E NIC - 2024.10.139.3,14677,173,329,54,15179,Realtek 8821CE Wireless LAN 802.11ac PCI-E NIC,2024.10.139.3,96.7,2024-01-14
Intel(R) Wi-Fi 6 AX201 160MHz - 22.150.0.3,504356,14219,2962,790,521537,Intel(R) Wi-Fi 6 AX201 160MHz,22.150.0.3,96.7,2022-05-23
Realtek RTL8852AE WiFi 6 802.11ax PCIe Adapter - 6001.10.356.0,128114,1403,2821,165,132338,Realtek RTL8852AE WiFi 6 802.11ax PCIe Adapter,6001.10.356.0,96.8,2023-12-21
Intel(R) Wireless-AC 9560 160MHz - 22.230.0.8,83676,2630,24,105,86330,Intel(R) Wireless-AC 9560 160MHz,22.230.0.8,96.9,2023-05-08
Intel(R) Wi-Fi 6 AX201 160MHz - 22.140.0.3,107804,2902,535,189,111241,Intel(R) Wi-Fi 6 AX201 160MHz,22.140.0.3,96.9,2022-04-25
Intel(R) Dual Band Wireless-AC 7265 - 19.51.18.1,14629,418,53,17,15100,Intel(R) Dual Band Wireless-AC 7265,19.51.18.1,96.9,2019-05-10
Intel(R) Dual Band Wireless-AC 8260 - 20.70.18.2,164694,858,4164,192,169716,Intel(R) Dual Band Wireless-AC 8260,20.70.18.2,97.0,2020-06-23
NETGEAR A6100 WiFi Adapter - 1030.25.701.2017,70383,2205,7,44,72595,NETGEAR A6100 WiFi Adapter,1030.25.701.2017,97.0,
Intel(R) Dual Band Wireless-AC 8260 - 20.50.0.4,96503,1406,1317,132,99226,Intel(R) Dual Band Wireless-AC 8260,20.50.0.4,97.3,2018-03-18
Intel(R) Wi-Fi 6 AX201 160MHz - 23.70.0.6,18746,222,269,36,19237,Intel(R) Wi-Fi 6 AX201 160MHz,23.70.0.6,97.4,2024-07-16
Intel(R) Wi-Fi 6 AX201 160MHz - 23.30.0.6,1603664,21689,20266,4060,1645619,Intel(R) Wi-Fi 6 AX201 160MHz,23.30.0.6,97.5,2024-01-20
Intel(R) Wi-Fi 6 AX201 160MHz - 22.170.2.1,6943654,98865,77636,16876,7120155,Intel(R) Wi-Fi 6 AX201 160MHz,22.170.2.1,97.5,2022-08-30
MediaTek Wi-Fi 6E MT7922 (RZ616) 160MHz PCIe Adapter - 3.3.0.824,40289,993,31,77,41313,MediaTek Wi-Fi 6E MT7922 (RZ616) 160MHz PCIe Adapter,3.3.0.824,97.5,2023-06-25
Intel(R) Wi-Fi 6 AX201 160MHz - 22.160.0.4,489226,11878,253,569,501357,Intel(R) Wi-Fi 6 AX201 160MHz,22.160.0.4,97.6,2022-08-13
Intel(R) Wi-Fi 6 AX201 160MHz - 22.160.0.3,3003362,43221,31887,8423,3078470,Intel(R) Wi-Fi 6 AX201 160MHz,22.160.0.3,97.6,2022-07-18
Intel(R) Wi-Fi 6 AX201 160MHz - 23.20.1.1,4023975,50037,47758,7365,4121770,Intel(R) Wi-Fi 6 AX201 160MHz,23.20.1.1,97.6,2023-12-19
MediaTek Wi-Fi 6 MT7921 Wireless LAN Card - 24.40.2.575,322862,4056,3485,584,330403,MediaTek Wi-Fi 6 MT7921 Wireless LAN Card,24.40.2.575,97.7,2024-10-25
Intel(R) Dual Band Wireless-AC 3165 - 19.51.40.1,202557,1728,3136,216,207421,Intel(R) Dual Band Wireless-AC 3165,19.51.40.1,97.7,2022-02-19
Intel(R) Wi-Fi 6 AX201 160MHz - 23.40.1.1,441060,8043,2440,850,451543,Intel(R) Wi-Fi 6 AX201 160MHz,23.40.1.1,97.7,2024-03-19
Intel(R) Wi-Fi 6 AX201 160MHz - 23.80.0.7,5291938,72847,38591,10629,5403376,Intel(R) Wi-Fi 6 AX201 160MHz,23.80.0.7,97.9,2024-09-01
Intel(R) Wi-Fi 6 AX200 160MHz - 22.100.0.3,112752,1517,871,132,115140,Intel(R) Wi-Fi 6 AX200 160MHz,22.100.0.3,97.9,2022-05-01
Intel(R) Wi-Fi 6 AX201 160MHz - 22.160.3.2,114354,2107,395,138,116856,Intel(R) Wi-Fi 6 AX201 160MHz,22.160.3.2,97.9,2022-08-01
Killer(R) Wi-Fi 6 AX1650s 160MHz Wireless Network Adapter (201D2W) - 23.20.1.1,18607,147,206,47,18960,Killer(R) Wi-Fi 6 AX1650s 160MHz Wireless Network Adapter (201D2W),23.20.1.1,98.1,2023-12-19
Intel(R) Dual Band Wireless-AC 8265 - 20.90.0.100,43985,288,551,44,44824,Intel(R) Dual Band Wireless-AC 8265,20.90.0.100,98.1,2018-10-03
Intel(R) Wi-Fi 6E AX211 160MHz - 22.170.2.1,4810324,53278,36852,11290,4900454,Intel(R) Wi-Fi 6E AX211 160MHz,22.170.2.1,98.2,2022-08-30
Intel(R) Wi-Fi 6 AX201 160MHz - 22.250.1.2,9043826,92392,69996,13663,9206214,Intel(R) Wi-Fi 6 AX201 160MHz,22.250.1.2,98.2,2023-08-06
Intel(R) Dual Band Wireless-AC 8265 - 20.70.18.2,451954,4234,3752,717,459940,Intel(R) Dual Band Wireless-AC 8265,20.70.18.2,98.3,2020-06-23
Intel(R) Wi-Fi 6E AX211 160MHz - 22.190.0.4,321381,3905,1765,643,327051,Intel(R) Wi-Fi 6E AX211 160MHz,22.190.0.4,98.3,2022-11-22
Intel(R) Dual Band Wireless-AC 7265 - 19.51.31.1,52736,897,3,60,53636,Intel(R) Dual Band Wireless-AC 7265,19.51.31.1,98.3,2020-09-14
MediaTek Wi-Fi 6E MT7922 (RZ616) 160MHz PCIe Adapter - 3.3.0.800,18908,249,74,76,19231,MediaTek Wi-Fi 6E MT7922 (RZ616) 160MHz PCIe Adapter,3.3.0.800,98.3,2023-04-18
MediaTek Wi-Fi 6E MT7922 (RZ616) 160MHz PCIe Adapter - 3.3.0.897,135445,1865,543,194,137853,MediaTek Wi-Fi 6E MT7922 (RZ616) 160MHz PCIe Adapter,3.3.0.897,98.3,2023-11-20
NETGEAR A8000 WiFi 6 & 6E Adapter - 1.0.0.108,16981,177,96,31,17254,NETGEAR A8000 WiFi 6 & 6E Adapter,1.0.0.108,98.4,
Intel(R) Wi-Fi 6E AX211 160MHz - 22.160.0.3,855539,5616,8405,1246,869560,Intel(R) Wi-Fi 6E AX211 160MHz,22.160.0.3,98.4,2022-07-18
Intel(R) Wi-Fi 6 AX201 160MHz - 22.110.1.1,2011273,19810,13877,3289,2044960,Intel(R) Wi-Fi 6 AX201 160MHz,22.110.1.1,98.4,2022-01-01
Wi-Fi - 16.0 (1657),48758,279,524,290,49561,Wi-Fi,16.0 (1657),98.4,
Intel(R) Dual Band Wireless-AC 7265 - 19.51.37.2,114919,1495,429,126,116843,Intel(R) Dual Band Wireless-AC 7265,19.51.37.2,98.4,2021-06-21
Intel(R) Wi-Fi 6 AX201 160MHz - 22.250.10.1,2443517,20007,16693,5608,2480217,Intel(R) Wi-Fi 6 AX201 160MHz,22.250.10.1,98.5,2023-08-14
Killer(R) Wi-Fi 6 AX1650s 160MHz Wireless Network Adapter (201D2W) - 23.60.1.2,344887,2765,2365,509,350017,Killer(R) Wi-Fi 6 AX1650s 160MHz Wireless Network Adapter (201D2W),23.60.1.2,98.5,2024-06-02
Intel(R) Wi-Fi 6 AX200 160MHz - 22.120.1.9,1055589,12401,4195,1132,1072185,Intel(R) Wi-Fi 6 AX200 160MHz,22.120.1.9,98.5,2022-03-09
Intel(R) Wi-Fi 6E AX211 160MHz - 23.40.1.1,47632,724,10,134,48366,Intel(R) Wi-Fi 6E AX211 160MHz,23.40.1.1,98.5,2024-03-19
Edimax AC1750 Wi-Fi USB Adapter - 1030.44.1014.2024,41156,596,1,45,41753,Edimax AC1750 Wi-Fi USB Adapter,1030.44.1014.2024,98.6,2024-10-13
Intel(R) Wi-Fi 6E AX211 160MHz - 23.20.0.4,166065,1640,640,308,168345,Intel(R) Wi-Fi 6E AX211 160MHz,23.20.0.4,98.6,2023-11-28
Intel(R) Wi-Fi 6 AX201 160MHz - 22.130.0.5,1383690,9934,9275,2017,1402899,Intel(R) Wi-Fi 6 AX201 160MHz,22.130.0.5,98.6,2022-03-14
Intel(R) Wi-Fi 6 AX201 160MHz - 23.20.0.4,143557,546,1552,253,145655,Intel(R) Wi-Fi 6 AX201 160MHz,23.20.0.4,98.6,2023-11-28
TP-Link Wireless USB Adapter - 1030.38.712.2019,48488,169,529,73,49186,TP-Link Wireless USB Adapter,1030.38.712.2019,98.6,2019-07-17
Intel(R) Dual Band Wireless-AC 8260 - 20.70.11.3,85853,289,851,90,86993,Intel(R) Dual Band Wireless-AC 8260,20.70.11.3,98.7,2019-09-05
Intel(R) Wi-Fi 6 AX201 160MHz - 22.0.1.5,207810,1269,1503,285,210582,Intel(R) Wi-Fi 6 AX201 160MHz,22.0.1.5,98.7,
Intel(R) Wi-Fi 6E AX210 160MHz - 22.150.0.3,42709,103,438,48,43250,Intel(R) Wi-Fi 6E AX210 160MHz,22.150.0.3,98.7,2022-05-23
Intel(R) Dual Band Wireless-AC 8265 - 20.70.27.1,470062,3438,2974,584,476474,Intel(R) Dual Band Wireless-AC 8265,20.70.27.1,98.7,2021-09-11
Intel(R) Wi-Fi 6 AX201 160MHz - 23.90.1.3,121369,591,821,201,122781,Intel(R) Wi-Fi 6 AX201 160MHz,23.90.1.3,98.8,2024-10-12
Intel(R) Wi-Fi 6 AX201 160MHz - 21.10.2.2,126604,1161,366,187,128131,Intel(R) Wi-Fi 6 AX201 160MHz,21.10.2.2,98.8,
Intel(R) Wi-Fi 6 AX201 160MHz - 23.40.0.4,5423101,34411,28906,11795,5486418,Intel(R) Wi-Fi 6 AX201 160MHz,23.40.0.4,98.8,2024-03-09
Intel(R) Wi-Fi 6 AX200 160MHz - 21.110.1.1,120054,1070,440,197,121564,Intel(R) Wi-Fi 6 AX200 160MHz,21.110.1.1,98.8,2020-06-30
MediaTek Wi-Fi 6 MT7921 Wireless LAN Card - 23.33.2.563,114011,982,446,235,115439,MediaTek Wi-Fi 6 MT7921 Wireless LAN Card,23.33.2.563,98.8,2023-10-10
Intel(R) Dual Band Wireless-AC 8265 - 20.70.24.1,307103,2537,1219,345,310859,Intel(R) Dual Band Wireless-AC 8265,20.70.24.1,98.8,2021-05-09
Intel(R) Wi-Fi 6 AX201 160MHz - 23.70.4.1,46925,400,108,78,47433,Intel(R) Wi-Fi 6 AX201 160MHz,23.70.4.1,98.9,2024-08-13
Intel(R) Wi-Fi 6 AX201 160MHz - 21.110.1.1,2859352,17008,14412,5016,2890772,Intel(R) Wi-Fi 6 AX201 160MHz,21.110.1.1,98.9,2020-06-30
Intel(R) Wi-Fi 6 AX201 160MHz - 22.60.1.2,573138,2451,4067,1309,579656,Intel(R) Wi-Fi 6 AX201 160MHz,22.60.1.2,98.9,2021-06-20
Intel(R) Wi-Fi 6 AX201 160MHz - 23.110.0.5,100199,736,349,229,101284,Intel(R) Wi-Fi 6 AX201 160MHz,23.110.0.5,98.9,2025-01-01
Realtek 8822CE Wireless LAN 802.11ac PCI-E NIC - 2024.10.139.3,13520,143,7,27,13670,Realtek 8822CE Wireless LAN 802.11ac PCI-E NIC,2024.10.139.3,98.9,2024-01-14
MediaTek Wi-Fi 6 MT7921 Wireless LAN Card - 3.0.1.1314,133990,365,1181,243,135536,MediaTek Wi-Fi 6 MT7921 Wireless LAN Card,3.0.1.1314,98.9,2023-10-11
Intel(R) Wi-Fi 6E AX211 160MHz - 22.240.0.6,371835,3269,644,654,375748,Intel(R) Wi-Fi 6E AX211 160MHz,22.240.0.6,99.0,2023-06-17
Intel(R) Wi-Fi 6 AX201 160MHz - 22.100.1.1,857920,6055,2202,1661,866177,Intel(R) Wi-Fi 6 AX201 160MHz,22.100.1.1,99.0,2022-05-01
Intel(R) Wi-Fi 6E AX211 160MHz - 23.30.0.6,2976449,20714,10519,4804,3007682,Intel(R) Wi-Fi 6E AX211 160MHz,23.30.0.6,99.0,2024-01-20
Intel(R) Wi-Fi 6 AX201 160MHz - 23.60.0.10,485517,1919,3101,1024,490537,Intel(R) Wi-Fi 6 AX201 160MHz,23.60.0.10,99.0,2024-05-16
Intel(R) Wi-Fi 6 AX201 160MHz - 23.60.1.2,29105472,186568,116415,47327,29408455,Intel(R) Wi-Fi 6 AX201 160MHz,23.60.1.2,99.0,2024-06-02
Intel(R) Wi-Fi 6 AX201 160MHz - 22.200.0.6,180433,1212,555,269,182200,Intel(R) Wi-Fi 6 AX201 160MHz,22.200.0.6,99.0,2023-01-16
Intel(R) Dual Band Wireless-AC 8265 - 20.70.32.1,1672869,10421,7048,2433,1690338,Intel(R) Dual Band Wireless-AC 8265,20.70.32.1,99.0,2022-07-23
Intel(R) Dual Band Wireless-AC 8260 - 20.70.32.1,664873,2438,3975,781,671286,Intel(R) Dual Band Wireless-AC 8260,20.70.32.1,99.0,2022-07-23
Intel(R) Wi-Fi 6 AX200 160MHz - 23.40.0.4,468164,3366,1296,906,472826,Intel(R) Wi-Fi 6 AX200 160MHz,23.40.0.4,99.0,2024-03-09
Intel(R) Wi-Fi 6E AX211 160MHz - 22.200.2.1,2528899,19234,6026,5058,2554159,Intel(R) Wi-Fi 6E AX211 160MHz,22.200.2.1,99.0,2023-03-08
Killer(R) Wi-Fi 6 AX1650s 160MHz Wireless Network Adapter (201D2W) - 23.90.0.2,176096,1189,470,296,177755,Killer(R) Wi-Fi 6 AX1650s 160MHz Wireless Network Adapter (201D2W),23.90.0.2,99.1,2024-09-25
Intel(R) Wi-Fi 6E AX211 160MHz - 23.20.1.1,6679153,29191,34728,13027,6743072,Intel(R) Wi-Fi 6E AX211 160MHz,23.20.1.1,99.1,2023-12-19
Intel(R) Wi-Fi 6E AX211 160MHz - 22.130.0.5,1927709,11988,6464,4485,1946161,Intel(R) Wi-Fi 6E AX211 160MHz,22.130.0.5,99.1,2022-03-14
Intel(R) Wi-Fi 6 AX201 160MHz - 22.230.0.8,1383027,4038,8620,2259,1395685,Intel(R) Wi-Fi 6 AX201 160MHz,22.230.0.8,99.1,2023-05-08
Intel(R) Wi-Fi 6 AX201 160MHz - 21.110.2.1,18900,125,54,49,19079,Intel(R) Wi-Fi 6 AX201 160MHz,21.110.2.1,99.1,2020-07-20
Intel(R) Dual Band Wireless-AC 8260 - 20.70.2.1,85260,222,425,99,85907,Intel(R) Dual Band Wireless-AC 8260,20.70.2.1,99.2,2018-08-13
Intel(R) Dual Band Wireless-AC 8265 - 20.70.21.2,750350,3282,2692,1194,756324,Intel(R) Dual Band Wireless-AC 8265,20.70.21.2,99.2,2021-01-09
Intel(R) Dual Band Wireless-AC 8265 - 20.50.0.5,14683,3,112,30,14798,Intel(R) Dual Band Wireless-AC 8265,20.50.0.5,99.2,
Intel(R) Wi-Fi 6E AX211 160MHz - 23.90.0.2,4911968,21196,20408,8048,4953572,Intel(R) Wi-Fi 6E AX211 160MHz,23.90.0.2,99.2,2024-09-25
Intel(R) Wi-Fi 6E AX211 160MHz - 23.80.0.7,1754356,5458,8462,3004,1768276,Intel(R) Wi-Fi 6E AX211 160MHz,23.80.0.7,99.2,2024-09-01
Intel(R) Wi-Fi 6E AX211 160MHz - 23.70.4.1,273909,828,1342,334,276079,Intel(R) Wi-Fi 6E AX211 160MHz,23.70.4.1,99.2,2024-08-13
Intel(R) Wireless-AC 9560 160MHz - 22.170.0.3,173305,1007,406,312,174718,Intel(R) Wireless-AC 9560 160MHz,22.170.0.3,99.2,2022-08-28
Intel(R) Wi-Fi 6 AX200 160MHz - 22.240.0.6,60702,339,155,96,61196,Intel(R) Wi-Fi 6 AX200 160MHz,22.240.0.6,99.2,2023-06-17
Intel(R) Wi-Fi 6 AX200 160MHz - 22.40.0.7,359491,805,2090,593,362386,Intel(R) Wi-Fi 6 AX200 160MHz,22.40.0.7,99.2,2021-03-02
Realtek RTL8852AE WiFi 6 802.11ax PCIe Adapter - 6001.10.353.0,130995,723,338,192,132056,Realtek RTL8852AE WiFi 6 802.11ax PCIe Adapter,6001.10.353.0,99.2,2022-12-21
Intel(R) Wi-Fi 6 AX200 160MHz - 23.80.0.7,335693,947,1690,766,338330,Intel(R) Wi-Fi 6 AX200 160MHz,23.80.0.7,99.2,2024-09-01
Intel(R) Wi-Fi 6 AX200 160MHz - 23.20.1.1,101279,137,649,149,102065,Intel(R) Wi-Fi 6 AX200 160MHz,23.20.1.1,99.2,2023-12-19
Intel(R) Wi-Fi 6 AX201 160MHz - 21.90.2.1,370978,1854,1073,416,373905,Intel(R) Wi-Fi 6 AX201 160MHz,21.90.2.1,99.2,2020-04-15
Intel(R) Wi-Fi 6 AX201 160MHz - 22.30.0.11,720105,3539,2387,1556,726031,Intel(R) Wi-Fi 6 AX201 160MHz,22.30.0.11,99.2,2021-01-19
Intel(R) Wi-Fi 6 AX201 160MHz - 23.90.0.2,5682488,29482,14829,8159,5726799,Intel(R) Wi-Fi 6 AX201 160MHz,23.90.0.2,99.2,2024-09-25
Intel(R) Wi-Fi 6 AX201 160MHz - 22.80.1.1,961571,2569,5444,957,969584,Intel(R) Wi-Fi 6 AX201 160MHz,22.80.1.1,99.2,2022-05-01
Intel(R) Wi-Fi 6 AX201 160MHz - 22.200.2.1,3607766,16959,13919,6915,3638644,Intel(R) Wi-Fi 6 AX201 160MHz,22.200.2.1,99.2,2023-03-08
Intel(R) Wi-Fi 6E AX211 160MHz - 23.60.1.2,26184549,109159,103320,52016,26397028,Intel(R) Wi-Fi 6E AX211 160MHz,23.60.1.2,99.2,2024-06-02
Intel(R) Wi-Fi 6E AX210 160MHz - 23.60.1.2,637138,1376,2828,1077,641342,Intel(R) Wi-Fi 6E AX210 160MHz,23.60.1.2,99.3,2024-06-02
Intel(R) Wi-Fi 6 AX201 160MHz - 23.50.0.6,942695,4586,1698,1241,948979,Intel(R) Wi-Fi 6 AX201 160MHz,23.50.0.6,99.3,2024-04-13
Intel(R) Wi-Fi 6 AX200 160MHz - 23.90.0.2,2578721,11366,7282,2679,2597369,Intel(R) Wi-Fi 6 AX200 160MHz,23.90.0.2,99.3,2024-09-25
Intel(R) Wi-Fi 6 AX201 160MHz - 22.70.0.6,315930,682,1593,576,318205,Intel(R) Wi-Fi 6 AX201 160MHz,22.70.0.6,99.3,2021-06-28
Intel(R) Wi-Fi 6E AX211 160MHz - 22.250.10.1,1326329,3919,5404,2372,1335652,Intel(R) Wi-Fi 6E AX211 160MHz,22.250.10.1,99.3,2023-08-14
Intel(R) Dual Band Wireless-AC 8265 - 20.70.3.3,775897,3243,2124,1048,781264,Intel(R) Dual Band Wireless-AC 8265,20.70.3.3,99.3,2018-12-28
Qualcomm QCA61x4A 802.11ac Wireless Adapter - 12.0.0.722,68440,17,464,115,68921,Qualcomm QCA61x4A 802.11ac Wireless Adapter,12.0.0.722,99.3,2018-08-21
Intel(R) Dual Band Wireless-AC 8265 - 20.70.16.4,204651,752,765,250,206168,Intel(R) Dual Band Wireless-AC 8265,20.70.16.4,99.3,2019-12-31
MediaTek MT7921 Wi-Fi 6 802.11ax PCIe Adapter - 3.0.1.1297,19504,74,73,131,19651,MediaTek MT7921 Wi-Fi 6 802.11ax PCIe Adapter,3.0.1.1297,99.3,
Intel(R) Wi-Fi 6E AX211 160MHz - 23.90.1.3,1027936,2717,4523,1438,1035176,Intel(R) Wi-Fi 6E AX211 160MHz,23.90.1.3,99.3,2024-10-12
Intel(R) Wi-Fi 6E AX211 160MHz - 23.110.0.5,1054183,5073,2386,2680,1061642,Intel(R) Wi-Fi 6E AX211 160MHz,23.110.0.5,99.3,2025-01-01
Intel(R) Wi-Fi 6 AX200 160MHz - 22.250.1.2,235671,1425,270,416,237366,Intel(R) Wi-Fi 6 AX200 160MHz,22.250.1.2,99.3,2023-08-06
Intel(R) Wireless-AC 9560 160MHz - 22.80.0.9,13525,51,51,43,13627,Intel(R) Wireless-AC 9560 160MHz,22.80.0.9,99.3,2021-08-18
Intel(R) Wi-Fi 6 AX201 160MHz - 22.100.0.3,585148,1929,1986,916,589063,Intel(R) Wi-Fi 6 AX201 160MHz,22.100.0.3,99.3,2022-05-01
Intel(R) Wi-Fi 6E AX211 160MHz - 23.70.0.6,1608599,5121,3933,1280,1617653,Intel(R) Wi-Fi 6E AX211 160MHz,23.70.0.6,99.4,2024-07-16
Intel(R) Dual Band Wireless-AC 7265 - 19.51.40.1,438046,1523,1090,463,440659,Intel(R) Dual Band Wireless-AC 7265,19.51.40.1,99.4,2022-02-19
Intel(R) Wi-Fi 6 AX200 160MHz - 22.70.0.6,117247,629,41,194,117917,Intel(R) Wi-Fi 6 AX200 160MHz,22.70.0.6,99.4,2021-06-28
Realtek RTL8852BE WiFi 6 802.11ax PCIe Adapter - 6001.15.131.0,152384,834,43,245,153261,Realtek RTL8852BE WiFi 6 802.11ax PCIe Adapter,6001.15.131.0,99.4,2022-10-03
Intel(R) Dual Band Wireless-AC 8260 - 20.70.21.2,67056,176,241,123,67473,Intel(R) Dual Band Wireless-AC 8260,20.70.21.2,99.4,2021-01-09
"Wi-Fi  (0x14E4, 0x4387) - 16.0 (1657)",44408,120,153,186,44681,"Wi-Fi  (0x14E4, 0x4387)",16.0 (1657),99.4,
Intel(R) Dual Band Wireless-AC 7265 - 19.10.0.9,16633,0,100,26,16733,Intel(R) Dual Band Wireless-AC 7265,19.10.0.9,99.4,2016-08-20
Intel(R) Wi-Fi 6E AX210 160MHz - 22.230.0.8,35575,0,220,33,35795,Intel(R) Wi-Fi 6E AX210 160MHz,22.230.0.8,99.4,2023-05-08
Intel(R) Wi-Fi 6 AX201 160MHz - 22.240.0.6,1090219,3723,2951,1892,1096893,Intel(R) Wi-Fi 6 AX201 160MHz,22.240.0.6,99.4,2023-06-17
Intel(R) Wi-Fi 6 AX200 160MHz - 23.60.0.10,173716,417,689,608,174822,Intel(R) Wi-Fi 6 AX200 160MHz,23.60.0.10,99.4,2024-05-16
Intel(R) Wi-Fi 6E AX211 160MHz - 22.170.0.3,205411,1070,169,263,206650,Intel(R) Wi-Fi 6E AX211 160MHz,22.170.0.3,99.4,2022-08-28
Intel(R) Wi-Fi 6 AX201 160MHz - 22.180.0.4,267903,413,1080,375,269396,Intel(R) Wi-Fi 6 AX201 160MHz,22.180.0.4,99.4,2022-10-17
Intel(R) Wi-Fi 6 AX201 160MHz - 22.10.0.7,1722996,5033,6148,3263,1734177,Intel(R) Wi-Fi 6 AX201 160MHz,22.10.0.7,99.4,2020-10-19
Intel(R) Wi-Fi 6E AX211 160MHz - 22.250.1.2,245276,557,945,529,246778,Intel(R) Wi-Fi 6E AX211 160MHz,22.250.1.2,99.4,2023-08-06
Intel(R) Wi-Fi 6 AX200 160MHz - 22.200.2.1,729996,2115,2400,866,734511,Intel(R) Wi-Fi 6 AX200 160MHz,22.200.2.1,99.4,2023-03-08
Intel(R) Wi-Fi 6 AX200 160MHz - 21.20.1.1,72745,419,0,86,73164,Intel(R) Wi-Fi 6 AX200 160MHz,21.20.1.1,99.4,2019-05-29
Intel(R) Dual Band Wireless-AC 8265 - 22.160.0.4,1041251,3474,2681,1118,1047406,Intel(R) Dual Band Wireless-AC 8265,22.160.0.4,99.4,
Intel(R) Wi-Fi 6 AX200 160MHz - 22.250.0.4,347356,869,1178,390,349403,Intel(R) Wi-Fi 6 AX200 160MHz,22.250.0.4,99.4,2023-07-25
Intel(R) Wi-Fi 6E AX211 160MHz - 23.50.0.6,596363,1608,1907,1126,599878,Intel(R) Wi-Fi 6E AX211 160MHz,23.50.0.6,99.4,2024-04-13
Intel(R) Wi-Fi 6E AX211 160MHz - 23.40.0.4,506275,1504,1366,1312,509145,Intel(R) Wi-Fi 6E AX211 160MHz,23.40.0.4,99.4,2024-03-09
MediaTek MT7921 Wi-Fi 6 802.11ax PCIe Adapter - 3.0.1.1317,37769,119,107,309,37995,MediaTek MT7921 Wi-Fi 6 802.11ax PCIe Adapter,3.0.1.1317,99.4,2023-11-21
Intel(R) Wi-Fi 6 AX200 160MHz - 21.60.0.5,400881,393,1557,843,402831,Intel(R) Wi-Fi 6 AX200 160MHz,21.60.0.5,99.5,2019-11-10
Intel(R) Dual Band Wireless-AC 8265 - 22.110.0.2,1630394,5946,1668,1897,1638008,Intel(R) Dual Band Wireless-AC 8265,22.110.0.2,99.5,2021-11-27
Intel(R) Dual Band Wireless-AC 8260 - 20.70.23.1,434488,1555,844,452,436887,Intel(R) Dual Band Wireless-AC 8260,20.70.23.1,99.5,2021-03-20
Intel(R) Dual Band Wireless-AC 8260 - 20.10.0.6,38576,110,95,36,38781,Intel(R) Dual Band Wireless-AC 8260,20.10.0.6,99.5,2017-10-16
Realtek 8821CE Wireless LAN 802.11ac PCI-E NIC - 2024.10.139.2,34458,54,130,33,34642,Realtek 8821CE Wireless LAN 802.11ac PCI-E NIC,2024.10.139.2,99.5,2023-10-22
Intel(R) Wi-Fi 6 AX200 160MHz - 23.80.1.3,18376,94,6,35,18476,Intel(R) Wi-Fi 6 AX200 160MHz,23.80.1.3,99.5,2024-09-03
Intel(R) Wi-Fi 6 AX201 160MHz - 22.40.0.7,4303580,8648,11692,8707,4323920,Intel(R) Wi-Fi 6 AX201 160MHz,22.40.0.7,99.5,2021-09-18
Intel(R) Wi-Fi 6 AX200 160MHz - 23.30.0.6,394117,745,1275,787,396137,Intel(R) Wi-Fi 6 AX200 160MHz,23.30.0.6,99.5,2024-01-20
Intel(R) Wi-Fi 6 AX200 160MHz - 22.170.0.3,203175,629,334,408,204138,Intel(R) Wi-Fi 6 AX200 160MHz,22.170.0.3,99.5,2022-08-28
Intel(R) Dual Band Wireless-AC 7260 - 18.33.16.2,140921,749,3,186,141673,Intel(R) Dual Band Wireless-AC 7260,18.33.16.2,99.5,2019-03-24
Intel(R) Wi-Fi 6E AX211 160MHz - 22.110.1.1,96787,180,262,142,97229,Intel(R) Wi-Fi 6E AX211 160MHz,22.110.1.1,99.5,2022-01-01
Intel(R) Wi-Fi 6E AX210 160MHz - 23.80.0.7,294706,874,721,479,296301,Intel(R) Wi-Fi 6E AX210 160MHz,23.80.0.7,99.5,2024-09-01
Intel(R) Wi-Fi 6 AX201 160MHz - 22.250.0.4,1172919,2162,4133,1567,1179214,Intel(R) Wi-Fi 6 AX201 160MHz,22.250.0.4,99.5,2023-07-25
Intel(R) Wireless-AC 9560 160MHz - 22.240.0.6,323298,502,779,402,324579,Intel(R) Wireless-AC 9560 160MHz,22.240.0.6,99.6,2023-06-17
Intel(R) Wireless-AC 9560 160MHz - 22.250.1.2,1244225,3612,1599,1683,1249436,Intel(R) Wireless-AC 9560 160MHz,22.250.1.2,99.6,2023-08-06
Intel(R) Wireless-AC 9560 160MHz - 21.90.3.2,59199,35,190,86,59424,Intel(R) Wireless-AC 9560 160MHz,21.90.3.2,99.6,2020-05-03
Intel(R) Wi-Fi 6 AX200 160MHz - 22.150.1.1,415263,488,1136,485,416887,Intel(R) Wi-Fi 6 AX200 160MHz,22.150.1.1,99.6,2022-06-20
Intel(R) Dual Band Wireless-AC 8265 - 22.130.0.5,550894,1654,573,660,553121,Intel(R) Dual Band Wireless-AC 8265,22.130.0.5,99.6,2022-03-14
Intel(R) Wireless-AC 9560 160MHz - 23.20.1.1,185776,178,643,353,186597,Intel(R) Wireless-AC 9560 160MHz,23.20.1.1,99.6,2023-12-19
Intel(R) Dual Band Wireless-AC 8265 - 20.70.25.2,973875,3154,552,1372,977581,Intel(R) Dual Band Wireless-AC 8265,20.70.25.2,99.6,2021-06-21
Intel(R) Dual Band Wireless-AC 8260 - 22.110.0.2,2597149,7922,1463,3071,2606534,Intel(R) Dual Band Wireless-AC 8260,22.110.0.2,99.6,2021-11-27
Intel(R) Wi-Fi 6 AX200 160MHz - 22.60.0.6,67375,182,70,101,67627,Intel(R) Wi-Fi 6 AX200 160MHz,22.60.0.6,99.6,2021-05-26
Intel(R) Wireless-AC 9260 160MHz - 21.50.1.1,114131,390,44,166,114565,Intel(R) Wireless-AC 9260 160MHz,21.50.1.1,99.6,2019-10-05
Intel(R) Wi-Fi 6E AX211 160MHz - 23.10.0.8,306301,363,752,463,307416,Intel(R) Wi-Fi 6E AX211 160MHz,23.10.0.8,99.6,2023-10-30
Intel(R) Wireless-AC 9462 - 22.70.0.6,38405,131,30,37,38566,Intel(R) Wireless-AC 9462,22.70.0.6,99.6,2021-06-28
Intel(R) Wi-Fi 6 AX201 160MHz - 22.170.0.3,685988,1927,516,1047,688431,Intel(R) Wi-Fi 6 AX201 160MHz,22.170.0.3,99.6,2022-08-28
Intel(R) Wi-Fi 6E AX211 160MHz - 22.160.0.4,14488,14,43,45,14545,Intel(R) Wi-Fi 6E AX211 160MHz,22.160.0.4,99.6,2022-08-13
Intel(R) Wi-Fi 6 AX200 160MHz - 23.60.1.2,3037345,6611,4864,4130,3048820,Intel(R) Wi-Fi 6 AX200 160MHz,23.60.1.2,99.6,2024-06-02
Intel(R) Wi-Fi 6E AX211 160MHz - 22.180.0.4,17255,69,0,53,17324,Intel(R) Wi-Fi 6E AX211 160MHz,22.180.0.4,99.6,2022-10-17
Intel(R) Wi-Fi 6 AX201 160MHz - 22.220.0.4,438018,1515,358,768,439891,Intel(R) Wi-Fi 6 AX201 160MHz,22.220.0.4,99.6,2023-03-28
Intel(R) Wi-Fi 6 AX201 160MHz - 23.10.0.8,272995,449,556,407,274000,Intel(R) Wi-Fi 6 AX201 160MHz,23.10.0.8,99.6,2023-10-30
Intel(R) Wi-Fi 6 AX201 160MHz - 22.150.1.1,224189,538,280,298,225007,Intel(R) Wi-Fi 6 AX201 160MHz,22.150.1.1,99.6,2022-06-20
Intel(R) Wi-Fi 6 AX201 160MHz - 23.80.1.3,74444,205,57,185,74706,Intel(R) Wi-Fi 6 AX201 160MHz,23.80.1.3,99.6,2024-09-03
Intel(R) Dual Band Wireless-AC 7260 - 17.15.0.5,335350,1098,200,401,336648,Intel(R) Dual Band Wireless-AC 7260,17.15.0.5,99.6,
Intel(R) Dual Band Wireless-AC 3168 - 19.51.30.1,258461,369,553,313,259383,Intel(R) Dual Band Wireless-AC 3168,19.51.30.1,99.6,2020-06-01
Intel(R) Dual Band Wireless-AC 3168 - 19.51.21.1,640555,1535,133,722,642223,Intel(R) Dual Band Wireless-AC 3168,19.51.21.1,99.7,2019-04-28
Intel(R) Wi-Fi 6E AX210 160MHz - 22.250.1.2,21094,40,13,38,21147,Intel(R) Wi-Fi 6E AX210 160MHz,22.250.1.2,99.7,2023-08-06
Intel(R) Wi-Fi 6E AX210 160MHz - 23.90.1.3,76293,219,47,90,76559,Intel(R) Wi-Fi 6E AX210 160MHz,23.90.1.3,99.7,2024-10-12
Intel(R) Dual Band Wireless-AC 8260 - 20.70.24.1,17983,18,43,22,18044,Intel(R) Dual Band Wireless-AC 8260,20.70.24.1,99.7,2021-05-09
Intel(R) Dual Band Wireless-AC 8260 - 20.70.25.2,310032,355,670,395,311057,Intel(R) Dual Band Wireless-AC 8260,20.70.25.2,99.7,2021-06-21
Intel(R) Dual Band Wireless-AC 8260 - 20.70.3.3,1061403,1786,1575,1403,1064764,Intel(R) Dual Band Wireless-AC 8260,20.70.3.3,99.7,2018-09-02
Intel(R) Dual Band Wireless-AC 8265 - 20.70.4.2,2974270,6768,1993,3173,2983031,Intel(R) Dual Band Wireless-AC 8265,20.70.4.2,99.7,2018-10-21
Intel(R) Dual Band Wireless-AC 8260 - 22.60.0.6,35158,94,0,41,35252,Intel(R) Dual Band Wireless-AC 8260,22.60.0.6,99.7,2021-05-26
Qualcomm QCA61x4A 802.11ac Wireless Adapter - 12.0.0.1118,960989,1160,1358,1201,963507,Qualcomm QCA61x4A 802.11ac Wireless Adapter,12.0.0.1118,99.7,2021-06-14
Intel(R) Wi-Fi 6E AX211 160MHz - 22.230.0.8,1196902,2229,1565,1953,1200696,Intel(R) Wi-Fi 6E AX211 160MHz,22.230.0.8,99.7,2023-05-08
Intel(R) Wi-Fi 6 AX201 160MHz - 22.190.0.4,900040,1674,990,1518,902704,Intel(R) Wi-Fi 6 AX201 160MHz,22.190.0.4,99.7,2022-11-22
Intel(R) Wi-Fi 6 AX201 160MHz - 22.20.0.6,453938,974,591,501,455503,Intel(R) Wi-Fi 6 AX201 160MHz,22.20.0.6,99.7,2020-11-29
Intel(R) Wi-Fi 6E AX211 160MHz - 22.250.0.4,845732,1382,976,1243,848090,Intel(R) Wi-Fi 6E AX211 160MHz,22.250.0.4,99.7,2023-07-25
Intel(R) Wi-Fi 6E AX211 160MHz - 23.60.0.10,49210,27,110,121,49347,Intel(R) Wi-Fi 6E AX211 160MHz,23.60.0.10,99.7,2024-05-16
Intel(R) Wi-Fi 6 AX200 160MHz - 22.0.1.5,27325,84,2,36,27411,Intel(R) Wi-Fi 6 AX200 160MHz,22.0.1.5,99.7,
Intel(R) Wi-Fi 6 AX200 160MHz - 22.220.0.4,40202,19,115,54,40336,Intel(R) Wi-Fi 6 AX200 160MHz,22.220.0.4,99.7,2023-03-28
Intel(R) Wi-Fi 6E AX211 160MHz - 23.70.2.3,153187,181,252,398,153620,Intel(R) Wi-Fi 6E AX211 160MHz,23.70.2.3,99.7,2024-07-23
Intel(R) Dual Band Wireless-AC 8265 - 21.120.0.9,92468,90,170,93,92728,Intel(R) Dual Band Wireless-AC 8265,21.120.0.9,99.7,2020-08-15
Intel(R) Wi-Fi 6 AX200 160MHz - 21.10.2.2,1331095,2486,1863,1457,1335444,Intel(R) Wi-Fi 6 AX200 160MHz,21.10.2.2,99.7,
Intel(R) Wireless-AC 9260 160MHz - 22.250.1.2,418820,742,308,495,419870,Intel(R) Wireless-AC 9260 160MHz,22.250.1.2,99.7,2023-08-06
Intel(R) Wi-Fi 6 AX200 160MHz - 21.50.1.1,21162,49,9,30,21220,Intel(R) Wi-Fi 6 AX200 160MHz,21.50.1.1,99.7,2019-10-05
Intel(R) Wi-Fi 6 AX200 160MHz - 21.80.2.1,10505,3,29,18,10537,Intel(R) Wi-Fi 6 AX200 160MHz,21.80.2.1,99.7,2020-02-24
Realtek RTL8852BE WiFi 6 802.11ax PCIe Adapter - 6001.15.145.600,25666,47,20,68,25733,Realtek RTL8852BE WiFi 6 802.11ax PCIe Adapter,6001.15.145.600,99.7,2023-08-16
Intel(R) Dual Band Wireless-AC 7260 - 18.33.17.1,328963,323,641,367,329927,Intel(R) Dual Band Wireless-AC 7260,18.33.17.1,99.7,2019-04-28
Intel(R) Wi-Fi 6 AX201 160MHz - 22.90.0.5,225848,330,213,263,226391,Intel(R) Wi-Fi 6 AX201 160MHz,22.90.0.5,99.8,2021-09-26
Intel(R) Dual Band Wireless-AC 8265 - 20.70.26.2,40904,31,31,156,40966,Intel(R) Dual Band Wireless-AC 8265,20.70.26.2,99.8,2021-08-08
Intel(R) Wi-Fi 6 AX201 160MHz - 23.100.0.4,144603,128,111,205,144842,Intel(R) Wi-Fi 6 AX201 160MHz,23.100.0.4,99.8,2024-11-10
Intel(R) Wi-Fi 6 AX200 160MHz - 21.120.0.9,138405,109,120,313,138634,Intel(R) Wi-Fi 6 AX200 160MHz,21.120.0.9,99.8,2020-08-15
Intel(R) Wireless-AC 9260 160MHz - 21.110.1.1,254155,302,150,560,254607,Intel(R) Wireless-AC 9260 160MHz,21.110.1.1,99.8,2020-06-30
Intel(R) Wi-Fi 6E AX211 160MHz - 23.100.0.4,78985,109,23,166,79117,Intel(R) Wi-Fi 6E AX211 160MHz,23.100.0.4,99.8,2024-11-10
Intel(R) Dual Band Wireless-AC 8265 - 20.70.30.1,2139122,2156,2657,3177,2143935,Intel(R) Dual Band Wireless-AC 8265,20.70.30.1,99.8,2022-01-12
Intel(R) Wi-Fi 6 AX201 160MHz - 22.0.0.6,825549,1129,585,836,827263,Intel(R) Wi-Fi 6 AX201 160MHz,22.0.0.6,99.8,2020-09-16
Intel(R) Wi-Fi 6 AX201 160MHz - 22.0.1.1,641766,782,759,1248,643307,Intel(R) Wi-Fi 6 AX201 160MHz,22.0.1.1,99.8,2020-09-28
Intel(R) Wi-Fi 6 AX201 160MHz - 21.80.0.4,46610,53,33,47,46696,Intel(R) Wi-Fi 6 AX201 160MHz,21.80.0.4,99.8,2020-01-29
Intel(R) Wireless-AC 9560 160MHz - 22.30.0.11,164579,233,43,242,164855,Intel(R) Wireless-AC 9560 160MHz,22.30.0.11,99.8,2021-01-19
Intel(R) Wireless-AC 9560 160MHz - 22.250.0.4,1232945,1967,996,1732,1235908,Intel(R) Wireless-AC 9560 160MHz,22.250.0.4,99.8,2023-07-25
Intel(R) Wireless-AC 9560 160MHz - 21.80.2.1,149190,226,58,260,149474,Intel(R) Wireless-AC 9560 160MHz,21.80.2.1,99.8,2020-02-24
Intel(R) Wi-Fi 6 AX200 160MHz - 22.140.0.3,37574,83,0,58,37657,Intel(R) Wi-Fi 6 AX200 160MHz,22.140.0.3,99.8,2022-04-25
Intel(R) Wireless-AC 9560 160MHz - 21.110.3.2,73821,0,147,69,73968,Intel(R) Wireless-AC 9560 160MHz,21.110.3.2,99.8,2020-08-05
Intel(R) Wireless-AC 9560 160MHz - 21.20.1.1,6695538,7526,8007,8643,6711071,Intel(R) Wireless-AC 9560 160MHz,21.20.1.1,99.8,2019-05-29
Intel(R) Wi-Fi 6E AX211 160MHz - 23.80.1.3,65036,67,75,139,65178,Intel(R) Wi-Fi 6E AX211 160MHz,23.80.1.3,99.8,2024-09-03
Intel(R) Wireless-AC 9260 160MHz - 22.220.0.4,243244,279,87,249,243610,Intel(R) Wireless-AC 9260 160MHz,22.220.0.4,99.8,2023-03-28
Intel(R) Wireless-AC 9462 - 22.250.1.2,20812,8,35,22,20855,Intel(R) Wireless-AC 9462,22.250.1.2,99.8,2023-08-06
Intel(R) Wireless-AC 9560 160MHz - 23.60.1.2,10251216,13704,4961,12242,10269881,Intel(R) Wireless-AC 9560 160MHz,23.60.1.2,99.8,2024-06-02
Intel(R) Wireless-AC 9560 160MHz - 23.80.0.7,1554610,1509,830,2769,1556949,Intel(R) Wireless-AC 9560 160MHz,23.80.0.7,99.8,2024-09-01
Marvell AVASTAR Wireless-AC Network Controller - 15.68.17022.122,227768,359,176,470,228303,Marvell AVASTAR Wireless-AC Network Controller,15.68.17022.122,99.8,2021-09-08
Intel(R) Dual Band Wireless-AC 8260 - 20.70.30.1,983642,1397,493,1303,985532,Intel(R) Dual Band Wireless-AC 8260,20.70.30.1,99.8,2022-01-12
Realtek 8812BU Wireless LAN 802.11ac USB NIC - 1030.38.712.2019,45461,83,0,46,45544,Realtek 8812BU Wireless LAN 802.11ac USB NIC,1030.38.712.2019,99.8,2019-07-17
TP-Link Wireless USB Adapter - 5001.19.113.2,13326,25,5,14,13356,TP-Link Wireless USB Adapter,5001.19.113.2,99.8,
Intel(R) Wi-Fi 6E AX210 160MHz - 23.40.0.4,53754,58,54,103,53866,Intel(R) Wi-Fi 6E AX210 160MHz,23.40.0.4,99.8,2024-03-09
Intel(R) Dual Band Wireless-AC 8260 - 20.70.5.2,78495,26,108,94,78629,Intel(R) Dual Band Wireless-AC 8260,20.70.5.2,99.8,2018-11-25
Intel(R) Wireless-AC 9560 160MHz - 23.90.1.3,25044,21,20,47,25085,Intel(R) Wireless-AC 9560 160MHz,23.90.1.3,99.8,2024-10-12
Intel(R) Wireless-AC 9560 160MHz - 23.90.0.2,1825927,1697,1074,2222,1828698,Intel(R) Wireless-AC 9560 160MHz,23.90.0.2,99.8,2024-09-25
Intel(R) Wireless-AC 9260 160MHz - 23.10.0.8,22202,18,35,30,22255,Intel(R) Wireless-AC 9260 160MHz,23.10.0.8,99.8,2023-10-30
Intel(R) Wireless-AC 9260 160MHz - 22.30.0.11,213202,294,124,234,213620,Intel(R) Wireless-AC 9260 160MHz,22.30.0.11,99.8,2021-01-19
Killer Wi-Fi 6 AX500-DBS Wireless Network Adapter - 1.0.0.1769,14178,24,1,33,14203,Killer Wi-Fi 6 AX500-DBS Wireless Network Adapter,1.0.0.1769,99.8,2021-12-14
Intel(R) Wireless-AC 9260 160MHz - 22.170.0.3,729263,1276,439,792,730978,Intel(R) Wireless-AC 9260 160MHz,22.170.0.3,99.8,2022-08-28
Intel(R) Wireless-AC 9560 160MHz - 23.40.0.4,991567,1478,930,1194,993975,Intel(R) Wireless-AC 9560 160MHz,23.40.0.4,99.8,2024-03-09
Intel(R) Dual Band Wireless-AC 3165 - 22.130.0.5,72271,34,143,89,72448,Intel(R) Dual Band Wireless-AC 3165,22.130.0.5,99.8,2022-03-14
Intel(R) Dual Band Wireless-AC 3160 - 18.33.17.1,92560,35,133,97,92728,Intel(R) Dual Band Wireless-AC 3160,18.33.17.1,99.8,2019-04-28
Intel(R) Dual Band Wireless-AC 7265 - 19.50.1.6,19505,16,22,27,19543,Intel(R) Dual Band Wireless-AC 7265,19.50.1.6,99.8,
Intel(R) Dual Band Wireless-AC 7265 - 19.51.15.3,570997,1007,348,638,572352,Intel(R) Dual Band Wireless-AC 7265,19.51.15.3,99.8,2018-09-02
Realtek RTL8852BE WiFi 6 802.11ax PCIe Adapter - 6001.15.149.100,1682075,2175,978,2418,1685228,Realtek RTL8852BE WiFi 6 802.11ax PCIe Adapter,6001.15.149.100,99.8,2024-01-16
Realtek RTL8852BE WiFi 6 802.11ax PCIe Adapter - 6001.15.135.0,140113,172,87,297,140372,Realtek RTL8852BE WiFi 6 802.11ax PCIe Adapter,6001.15.135.0,99.8,2022-12-01
Intel(R) Wi-Fi 6E AX211 160MHz - 22.100.1.1,156329,149,114,174,156592,Intel(R) Wi-Fi 6E AX211 160MHz,22.100.1.1,99.8,2022-05-01
Realtek RTL8811AU Wireless LAN 802.11ac USB 2.0 Network Adapter - 1030.38.712.2019,57474,19,10,50,57503,Realtek RTL8811AU Wireless LAN 802.11ac USB 2.0 Network Adapter,1030.38.712.2019,99.9,2019-07-17
Realtek RTL8852BE WiFi 6 802.11ax PCIe Adapter - 6001.15.128.0,58416,49,10,120,58475,Realtek RTL8852BE WiFi 6 802.11ax PCIe Adapter,6001.15.128.0,99.9,2022-08-29
Intel(R) Wi-Fi 6E AX210 160MHz - 22.130.0.5,11598,15,0,20,11613,Intel(R) Wi-Fi 6E AX210 160MHz,22.130.0.5,99.9,2022-03-14
Realtek RTL8852AE WiFi 6 802.11ax PCIe Adapter - 6001.10.356.1,66469,24,47,97,66540,Realtek RTL8852AE WiFi 6 802.11ax PCIe Adapter,6001.10.356.1,99.9,2024-05-12
Intel(R) Dual Band Wireless-AC 8265 - 20.70.5.2,130058,126,4,133,130188,Intel(R) Dual Band Wireless-AC 8265,20.70.5.2,99.9,2018-11-25
Intel(R) Dual Band Wireless-AC 8265 - 20.70.19.1,28382,16,22,39,28420,Intel(R) Dual Band Wireless-AC 8265,20.70.19.1,99.9,2020-09-14
Intel(R) Dual Band Wireless-AC 8265 - 20.70.12.5,81505,20,29,112,81554,Intel(R) Dual Band Wireless-AC 8265,20.70.12.5,99.9,2019-08-25
Qualcomm FastConnect 6900 Wi-Fi 6E Dual Band Simultaneous (DBS) WDI Network Adapter - 1.0.0.1633,20860,10,4,43,20874,Qualcomm FastConnect 6900 Wi-Fi 6E Dual Band Simultaneous (DBS) WDI Network Adapter,1.0.0.1633,99.9,2024-02-26
Qualcomm QCA61x4A 802.11ac Wireless Adapter - 12.0.0.926,153363,73,99,151,153535,Qualcomm QCA61x4A 802.11ac Wireless Adapter,12.0.0.926,99.9,2019-09-18
Intel(R) Wi-Fi 6 AX201 160MHz - 22.80.0.9,49828,36,22,89,49886,Intel(R) Wi-Fi 6 AX201 160MHz,22.80.0.9,99.9,2021-08-18
Intel(R) Wi-Fi 6 AX201 160MHz - 22.60.0.6,67573,66,28,129,67667,Intel(R) Wi-Fi 6 AX201 160MHz,22.60.0.6,99.9,2021-05-26
Killer(R) Wi-Fi 6 AX1650s 160MHz Wireless Network Adapter (201D2W) - 22.250.0.4,33762,26,5,51,33793,Killer(R) Wi-Fi 6 AX1650s 160MHz Wireless Network Adapter (201D2W),22.250.0.4,99.9,2023-07-25
Intel(R) Wi-Fi 6 AX200 160MHz - 21.40.2.2,64294,14,25,97,64333,Intel(R) Wi-Fi 6 AX200 160MHz,21.40.2.2,99.9,2019-08-31
Intel(R) Wireless-AC 9260 160MHz - 23.60.1.2,25722,19,10,74,25751,Intel(R) Wireless-AC 9260 160MHz,23.60.1.2,99.9,2024-06-02
Intel(R) Wireless-AC 9260 160MHz - 23.50.0.6,568298,278,125,607,568701,Intel(R) Wireless-AC 9260 160MHz,23.50.0.6,99.9,2024-04-13
Intel(R) Wi-Fi 6 AX200 160MHz - 22.230.0.8,236314,144,14,322,236472,Intel(R) Wi-Fi 6 AX200 160MHz,22.230.0.8,99.9,2023-05-08
Intel(R) Wi-Fi 6 AX200 160MHz - 22.200.0.6,100792,60,2,128,100854,Intel(R) Wi-Fi 6 AX200 160MHz,22.200.0.6,99.9,2023-01-16
Intel(R) Wi-Fi 6 AX200 160MHz - 22.190.0.4,216012,203,70,229,216285,Intel(R) Wi-Fi 6 AX200 160MHz,22.190.0.4,99.9,2022-11-22
Intel(R) Wi-Fi 6 AX200 160MHz - 22.160.0.4,77008,10,32,82,77050,Intel(R) Wi-Fi 6 AX200 160MHz,22.160.0.4,99.9,2022-08-13
Killer(R) Wi-Fi 6 AX1650x 160MHz Wireless Network Adapter (200NGW) - 23.90.0.2,15660,9,0,34,15669,Killer(R) Wi-Fi 6 AX1650x 160MHz Wireless Network Adapter (200NGW),23.90.0.2,99.9,2024-09-25
Intel(R) Wi-Fi 6 AX200 160MHz - 22.250.10.1,69513,64,1,85,69578,Intel(R) Wi-Fi 6 AX200 160MHz,22.250.10.1,99.9,2023-08-14
Intel(R) Dual Band Wireless-AC 8265 - 22.30.0.11,127868,1,124,175,127993,Intel(R) Dual Band Wireless-AC 8265,22.30.0.11,99.9,2021-01-19
Intel(R) Wireless-AC 9260 160MHz - 22.90.0.5,1516614,1392,671,1640,1518677,Intel(R) Wireless-AC 9260 160MHz,22.90.0.5,99.9,2021-09-26
Intel(R) Wireless-AC 9560 160MHz - 23.30.0.6,465634,450,159,812,466243,Intel(R) Wireless-AC 9560 160MHz,23.30.0.6,99.9,2024-01-20
Intel(R) Wireless-AC 9560 160MHz - 23.40.1.1,259863,131,18,462,260012,Intel(R) Wireless-AC 9560 160MHz,23.40.1.1,99.9,2024-03-19
Intel(R) Wireless-AC 9560 160MHz - 23.50.0.6,19446,7,3,23,19456,Intel(R) Wireless-AC 9560 160MHz,23.50.0.6,99.9,2024-04-13
Intel(R) Wireless-AC 9560 160MHz - 21.110.1.1,468145,88,241,637,468474,Intel(R) Wireless-AC 9560 160MHz,21.110.1.1,99.9,2020-06-30
Intel(R) Wireless-AC 9560 160MHz - 21.110.2.1,19113,16,2,43,19131,Intel(R) Wireless-AC 9560 160MHz,21.110.2.1,99.9,2020-07-20
Intel(R) Wireless-AC 9560 160MHz - 20.110.0.3,29825,17,3,47,29845,Intel(R) Wireless-AC 9560 160MHz,20.110.0.3,99.9,2018-11-27
Intel(R) Wireless-AC 9560 160MHz - 23.20.0.4,43935,17,10,76,43962,Intel(R) Wireless-AC 9560 160MHz,23.20.0.4,99.9,2023-11-28
Intel(R) Wi-Fi 6 AX201 160MHz - 21.80.2.1,230163,209,57,666,230429,Intel(R) Wi-Fi 6 AX201 160MHz,21.80.2.1,99.9,2020-02-24
Intel(R) Dual Band Wireless-AC 8260 - 20.70.12.5,99003,70,57,106,99130,Intel(R) Dual Band Wireless-AC 8260,20.70.12.5,99.9,2019-08-25
Intel(R) Dual Band Wireless-AC 8260 - 20.50.0.5,194810,54,70,216,194934,Intel(R) Dual Band Wireless-AC 8260,20.50.0.5,99.9,
Intel(R) Wi-Fi 6E AX210 160MHz - 23.110.0.5,34537,15,18,58,34570,Intel(R) Wi-Fi 6E AX210 160MHz,23.110.0.5,99.9,2025-01-01
Intel(R) Wi-Fi 6E AX210 160MHz - 23.90.0.2,158794,100,59,264,158953,Intel(R) Wi-Fi 6E AX210 160MHz,23.90.0.2,99.9,2024-09-25
MediaTek MT7921 Wi-Fi 6 802.11ax PCIe Adapter - 3.0.1.1255,21177,9,12,114,21198,MediaTek MT7921 Wi-Fi 6 802.11ax PCIe Adapter,3.0.1.1255,99.9,2022-07-04
MediaTek MT7921 Wi-Fi 6 802.11ax PCIe Adapter - 3.0.1.1327,34392,22,25,152,34439,MediaTek MT7921 Wi-Fi 6 802.11ax PCIe Adapter,3.0.1.1327,99.9,2024-06-30
Intel(R) Wireless-AC 9560 160MHz - 22.220.0.4,172084,14,111,264,172209,Intel(R) Wireless-AC 9560 160MHz,22.220.0.4,99.9,2023-03-28
Intel(R) Wireless-AC 9560 160MHz - 22.250.10.1,52701,10,21,105,52732,Intel(R) Wireless-AC 9560 160MHz,22.250.10.1,99.9,2023-08-14
Intel(R) Wireless-AC 9560 160MHz - 22.10.0.7,209373,39,116,274,209528,Intel(R) Wireless-AC 9560 160MHz,22.10.0.7,99.9,2020-10-19
Intel(R) Wireless-AC 9560 160MHz - 21.30.3.2,227264,192,10,188,227466,Intel(R) Wireless-AC 9560 160MHz,21.30.3.2,99.9,2019-07-06
Intel(R) Wireless-AC 9560 160MHz - 22.110.1.1,13266,9,2,128,13277,Intel(R) Wireless-AC 9560 160MHz,22.110.1.1,99.9,2022-01-01
Intel(R) Wireless-AC 9560 - 20.30.4.1,64573,44,0,86,64617,Intel(R) Wireless-AC 9560,20.30.4.1,99.9,2018-02-17
Intel(R) Wireless-AC 9560 160MHz - 22.120.0.3,73512,34,15,123,73561,Intel(R) Wireless-AC 9560 160MHz,22.120.0.3,99.9,2022-01-30
Intel(R) Wireless-AC 9560 160MHz - 22.130.0.5,89929,76,4,115,90009,Intel(R) Wireless-AC 9560 160MHz,22.130.0.5,99.9,2022-03-14
Intel(R) Wireless-AC 9560 160MHz - 22.140.0.3,128632,120,16,164,128768,Intel(R) Wireless-AC 9560 160MHz,22.140.0.3,99.9,2022-04-25
Intel(R) Wireless-AC 9560 160MHz - 22.160.0.4,2517088,1964,162,3225,2519214,Intel(R) Wireless-AC 9560 160MHz,22.160.0.4,99.9,2022-08-13
Dell Wireless 1550 802.11ac - 6.30.223.259,42750,0,0,31,42750,Dell Wireless 1550 802.11ac,6.30.223.259,100.0,
Intel(R) Centrino(R) Ultimate-N 6300 AGN - 15.18.0.1,41871,0,0,45,41871,Intel(R) Centrino(R) Ultimate-N 6300 AGN,15.18.0.1,100.0,2015-04-29
Intel(R) Dual Band Wireless-AC 7265 - 19.51.14.1,85335,12,0,76,85347,Intel(R) Dual Band Wireless-AC 7265,19.51.14.1,100.0,2018-05-26
Intel(R) Dual Band Wireless-AC 7265 - 19.51.29.1,28542,0,0,30,28542,Intel(R) Dual Band Wireless-AC 7265,19.51.29.1,100.0,2020-04-15
Intel(R) Dual Band Wireless-AC 7265 - 19.51.30.1,98944,30,4,131,98978,Intel(R) Dual Band Wireless-AC 7265,19.51.30.1,100.0,2020-06-01
Intel(R) Dual Band Wireless-AC 3168 - 19.51.40.1,80783,6,4,93,80793,Intel(R) Dual Band Wireless-AC 3168,19.51.40.1,100.0,2022-02-19
Intel(R) Dual Band Wireless-AC 7260 - 18.33.14.3,104409,43,4,115,104456,Intel(R) Dual Band Wireless-AC 7260,18.33.14.3,100.0,2018-09-02
Intel(R) Dual Band Wireless-AC 7260 - 18.33.15.1,66514,0,0,67,66514,Intel(R) Dual Band Wireless-AC 7260,18.33.15.1,100.0,2018-11-10
Realtek RTL8852BE WiFi 6 802.11ax PCIe Adapter - 6001.15.141.0,25750,7,3,70,25760,Realtek RTL8852BE WiFi 6 802.11ax PCIe Adapter,6001.15.141.0,100.0,2023-04-17
Realtek RTL8852BE WiFi 6 802.11ax PCIe Adapter - 6001.15.143.0,320845,73,56,740,320974,Realtek RTL8852BE WiFi 6 802.11ax PCIe Adapter,6001.15.143.0,100.0,2023-06-05
Realtek RTL8852BE WiFi 6 802.11ax PCIe Adapter - 6001.15.144.0,17638,0,0,33,17638,Realtek RTL8852BE WiFi 6 802.11ax PCIe Adapter,6001.15.144.0,100.0,2023-07-10
Realtek RTL8852BE WiFi 6 802.11ax PCIe Adapter - 6001.15.149.0,68631,8,13,103,68652,Realtek RTL8852BE WiFi 6 802.11ax PCIe Adapter,6001.15.149.0,100.0,2023-12-20
Realtek RTL8852BE WiFi 6 802.11ax PCIe Adapter - 6001.15.152.0,265237,87,11,562,265335,Realtek RTL8852BE WiFi 6 802.11ax PCIe Adapter,6001.15.152.0,100.0,2024-04-15
Intel(R) Wireless-AC 9560 160MHz - 22.150.1.1,140831,4,44,183,140879,Intel(R) Wireless-AC 9560 160MHz,22.150.1.1,100.0,2022-06-20
Intel(R) Wireless-AC 9560 160MHz - 22.190.0.4,15460,0,0,32,15460,Intel(R) Wireless-AC 9560 160MHz,22.190.0.4,100.0,2022-11-22
Intel(R) Wireless-AC 9560 160MHz - 22.200.2.1,390401,56,22,533,390479,Intel(R) Wireless-AC 9560 160MHz,22.200.2.1,100.0,2023-03-08
Intel(R) Wireless-AC 9560 160MHz - 21.40.1.4,27364,10,2,33,27376,Intel(R) Wireless-AC 9560 160MHz,21.40.1.4,100.0,2019-08-14
Intel(R) Wireless-AC 9560 160MHz - 21.40.2.2,81640,9,4,246,81653,Intel(R) Wireless-AC 9560 160MHz,21.40.2.2,100.0,2019-08-31
Intel(R) Wireless-AC 9560 160MHz - 21.50.1.1,231815,32,29,293,231876,Intel(R) Wireless-AC 9560 160MHz,21.50.1.1,100.0,2019-10-05
Intel(R) Wireless-AC 9560 160MHz - 21.70.0.6,54214,3,5,77,54222,Intel(R) Wireless-AC 9560 160MHz,21.70.0.6,100.0,2020-01-06
Intel(R) Wireless-AC 9560 160MHz - 21.90.1.2,133493,44,9,86,133546,Intel(R) Wireless-AC 9560 160MHz,21.90.1.2,100.0,2020-04-05
Intel(R) Wireless-AC 9560 160MHz - 22.100.0.3,21500,4,4,22,21508,Intel(R) Wireless-AC 9560 160MHz,22.100.0.3,100.0,2022-05-01
Intel(R) Wireless-AC 9560 - 20.90.0.7,16782,0,0,12,16782,Intel(R) Wireless-AC 9560,20.90.0.7,100.0,2018-09-24
Intel(R) Wireless-AC 9560 160MHz - 20.100.0.4,75949,0,0,80,75949,Intel(R) Wireless-AC 9560 160MHz,20.100.0.4,100.0,2018-10-31
Intel(R) Wi-Fi 6 AX200 160MHz - 22.110.1.1,77421,18,18,126,77457,Intel(R) Wi-Fi 6 AX200 160MHz,22.110.1.1,100.0,2022-01-01
Intel(R) Wireless-AC 9560 160MHz - 22.40.0.7,91640,18,11,203,91669,Intel(R) Wireless-AC 9560 160MHz,22.40.0.7,100.0,2021-03-02
Intel(R) Wireless-AC 9560 160MHz - 22.50.0.7,1131990,200,34,1360,1132224,Intel(R) Wireless-AC 9560 160MHz,22.50.0.7,100.0,2021-04-18
Intel(R) Wireless-AC 9560 160MHz - 22.70.0.6,75627,2,8,80,75637,Intel(R) Wireless-AC 9560 160MHz,22.70.0.6,100.0,2021-06-28
Intel(R) Wireless-AC 9560 160MHz - 22.80.1.1,39953,0,0,35,39953,Intel(R) Wireless-AC 9560 160MHz,22.80.1.1,100.0,2022-05-01
Intel(R) Wireless-AC 9560 160MHz - 23.10.0.8,94589,10,3,113,94602,Intel(R) Wireless-AC 9560 160MHz,23.10.0.8,100.0,2023-10-30
Intel(R) Wireless-AC 9560 160MHz - 21.0.0.5,165006,38,31,185,165075,Intel(R) Wireless-AC 9560 160MHz,21.0.0.5,100.0,2019-08-31
Intel(R) Wireless-AC 9560 160MHz - 21.0.1.1,124815,3,5,87,124823,Intel(R) Wireless-AC 9560 160MHz,21.0.1.1,100.0,2019-03-24
Intel(R) Wireless-AC 9560 160MHz - 21.10.0.5,85750,15,14,211,85779,Intel(R) Wireless-AC 9560 160MHz,21.10.0.5,100.0,2019-04-06
Intel(R) Wireless-AC 9560 160MHz - 21.10.1.2,349265,1,0,235,349266,Intel(R) Wireless-AC 9560 160MHz,21.10.1.2,100.0,2019-08-10
Intel(R) Wireless-AC 9560 160MHz - 21.10.2.2,47748,8,3,84,47759,Intel(R) Wireless-AC 9560 160MHz,21.10.2.2,100.0,
Intel(R) Wireless-AC 9560 160MHz - 21.120.0.9,75696,10,9,149,75715,Intel(R) Wireless-AC 9560 160MHz,21.120.0.9,100.0,2020-08-15
Intel(R) Wireless-AC 9260 160MHz - 22.40.0.7,79662,4,2,114,79668,Intel(R) Wireless-AC 9260 160MHz,22.40.0.7,100.0,2021-03-02
Intel(R) Wi-Fi 6 AX200 160MHz - 21.60.2.1,24475,2,0,40,24477,Intel(R) Wi-Fi 6 AX200 160MHz,21.60.2.1,100.0,2019-12-14
Intel(R) Wi-Fi 6 AX200 160MHz - 22.10.0.7,43799,4,3,62,43806,Intel(R) Wi-Fi 6 AX200 160MHz,22.10.0.7,100.0,2020-10-19
Intel(R) Wireless-AC 9260 160MHz - 23.20.1.1,32457,0,0,40,32457,Intel(R) Wireless-AC 9260 160MHz,23.20.1.1,100.0,2023-12-19
Intel(R) Wireless-AC 9260 160MHz - 23.80.0.7,115411,15,20,174,115446,Intel(R) Wireless-AC 9260 160MHz,23.80.0.7,100.0,2024-09-01
Intel(R) Wireless-AC 9462 - 23.60.1.2,31143,0,2,28,31145,Intel(R) Wireless-AC 9462,23.60.1.2,100.0,2024-06-02
Intel(R) Wi-Fi 6 AX200 160MHz - 22.30.0.11,64530,4,9,129,64543,Intel(R) Wi-Fi 6 AX200 160MHz,22.30.0.11,100.0,2021-01-19
Intel(R) Wireless-AC 9260 160MHz - 21.60.0.5,43172,0,0,45,43172,Intel(R) Wireless-AC 9260 160MHz,21.60.0.5,100.0,2019-11-10
Killer(R) Wi-Fi 6E AX1675x 160MHz Wireless Network Adapter (210NGW) - 22.70.0.6,51915,0,1,43,51916,Killer(R) Wi-Fi 6E AX1675x 160MHz Wireless Network Adapter (210NGW),22.70.0.6,100.0,2021-06-28
MediaTek MT7921 Wi-Fi 6 802.11ax PCIe Adapter - 3.0.1.1216,22133,0,0,21,22133,MediaTek MT7921 Wi-Fi 6 802.11ax PCIe Adapter,3.0.1.1216,100.0,2021-12-23
Intel(R) Wireless-AC 9560 160MHz - 23.70.4.1,52231,6,0,66,52237,Intel(R) Wireless-AC 9560 160MHz,23.70.4.1,100.0,2024-08-13
Intel(R) Wireless-AC 9260 160MHz - 22.120.0.3,80042,22,5,107,80069,Intel(R) Wireless-AC 9260 160MHz,22.120.0.3,100.0,2022-01-30
Intel(R) Wireless-AC 9260 160MHz - 22.130.0.5,31558,0,0,33,31558,Intel(R) Wireless-AC 9260 160MHz,22.130.0.5,100.0,2022-03-14
Intel(R) Wireless-AC 9260 160MHz - 22.160.0.4,42242,10,1,44,42253,Intel(R) Wireless-AC 9260 160MHz,22.160.0.4,100.0,2022-08-13
Intel(R) Wireless-AC 9260 160MHz - 22.180.0.4,63338,0,10,110,63348,Intel(R) Wireless-AC 9260 160MHz,22.180.0.4,100.0,2022-10-17
Intel(R) Wireless-AC 9260 160MHz - 22.240.0.6,78184,10,2,81,78196,Intel(R) Wireless-AC 9260 160MHz,22.240.0.6,100.0,2023-06-17
MediaTek Wi-Fi 6 MT7921 Wireless LAN Card - 22.30.1.1339,10921,1,1,33,10923,MediaTek Wi-Fi 6 MT7921 Wireless LAN Card,22.30.1.1339,100.0,2022-08-18
MediaTek Wi-Fi 6E MT7922 (RZ616) 160MHz PCIe Adapter - 3.3.0.1030,15617,3,0,41,15620,MediaTek Wi-Fi 6E MT7922 (RZ616) 160MHz PCIe Adapter,3.3.0.1030,100.0,2024-05-09
MediaTek Wi-Fi 6E MT7922 (RZ616) 160MHz PCIe Adapter - 3.4.0.1088,48829,11,5,129,48845,MediaTek Wi-Fi 6E MT7922 (RZ616) 160MHz PCIe Adapter,3.4.0.1088,100.0,2024-08-07
Intel(R) Dual Band Wireless-AC 8265 - 22.0.1.1,38615,2,3,48,38620,Intel(R) Dual Band Wireless-AC 8265,22.0.1.1,100.0,2020-09-28
Intel(R) Wi-Fi 6 AX200 160MHz - 21.10.1.2,24366,1,1,22,24368,Intel(R) Wi-Fi 6 AX200 160MHz,21.10.1.2,100.0,2019-04-23
Intel(R) Wi-Fi 6 AX200 160MHz - 21.30.4.1,13010,5,1,12,13016,Intel(R) Wi-Fi 6 AX200 160MHz,21.30.4.1,100.0,2019-07-29
Intel(R) Wi-Fi 7 BE200 320MHz - 23.40.2.1,27946,0,0,20,27946,Intel(R) Wi-Fi 7 BE200 320MHz,23.40.2.1,100.0,2024-03-30
Intel(R) Wi-Fi 7 BE200 320MHz - 23.60.1.2,36462,18,0,70,36480,Intel(R) Wi-Fi 7 BE200 320MHz,23.60.1.2,100.0,2024-06-02
Intel(R) Wi-Fi 7 BE200 320MHz - 23.70.3.1,18933,2,2,25,18937,Intel(R) Wi-Fi 7 BE200 320MHz,23.70.3.1,100.0,2024-08-06
Intel(R) Wi-Fi 7 BE200 320MHz - 23.90.0.2,24013,0,0,30,24013,Intel(R) Wi-Fi 7 BE200 320MHz,23.90.0.2,100.0,2024-09-25
Intel(R) Wireless-AC 9260 - 20.70.0.100,33441,0,0,70,33441,Intel(R) Wireless-AC 9260,20.70.0.100,100.0,2018-07-03
Intel(R) Wireless-AC 9260 160MHz - 20.120.0.100,42072,0,0,45,42072,Intel(R) Wireless-AC 9260 160MHz,20.120.0.100,100.0,2019-01-27
Intel(R) Dual Band Wireless-AC 8260 - 22.80.1.1,85642,19,3,94,85664,Intel(R) Dual Band Wireless-AC 8260,22.80.1.1,100.0,2021-09-11
Intel(R) Dual Band Wireless-AC 8265 - 20.30.1.2,13465,2,0,14,13467,Intel(R) Dual Band Wireless-AC 8265,20.30.1.2,100.0,2018-01-09
Intel(R) Dual Band Wireless-AC 8265 - 20.50.0.4,14221,0,0,40,14221,Intel(R) Dual Band Wireless-AC 8265,20.50.0.4,100.0,2018-05-08
Intel(R) Dual Band Wireless-AC 8265 - 20.70.10.2,17361,2,5,20,17368,Intel(R) Dual Band Wireless-AC 8265,20.70.10.2,100.0,2019-05-11
Intel(R) Dual Band Wireless-AC 8265 - 20.70.11.3,98853,5,14,130,98872,Intel(R) Dual Band Wireless-AC 8265,20.70.11.3,100.0,2019-09-05
Intel(R) Dual Band Wireless-AC 8265 - 20.70.8.1,28210,2,0,40,28212,Intel(R) Dual Band Wireless-AC 8265,20.70.8.1,100.0,2019-03-16
Intel(R) Dual Band Wireless-AC 8265 - 20.70.9.1,19248,0,0,33,19248,Intel(R) Dual Band Wireless-AC 8265,20.70.9.1,100.0,2019-04-28
Qualcomm QCA61x4A 802.11ac Wireless Adapter - 12.0.0.1016,108917,4,7,132,108928,Qualcomm QCA61x4A 802.11ac Wireless Adapter,12.0.0.1016,100.0,2021-01-06
Qualcomm QCA61x4A 802.11ac Wireless Adapter - 12.0.0.1272,427019,114,13,522,427146,Qualcomm QCA61x4A 802.11ac Wireless Adapter,12.0.0.1272,100.0,2023-03-04
Qualcomm QCA9377 802.11ac Wireless Adapter - 12.0.0.697,42635,0,2,45,42637,Qualcomm QCA9377 802.11ac Wireless Adapter,12.0.0.697,100.0,2018-03-26
Qualcomm QCA9377 802.11ac Wireless Adapter - 12.0.0.953,12297,0,0,15,12297,Qualcomm QCA9377 802.11ac Wireless Adapter,12.0.0.953,100.0,2020-06-13
RZ616 Wi-Fi 6E 160MHz - 3.3.0.908,43659,0,0,34,43659,RZ616 Wi-Fi 6E 160MHz,3.3.0.908,100.0,2023-11-26
Qualcomm Atheros AR946x Wireless Network Adapter - 3.0.2.201,35591,0,0,35,35591,Qualcomm Atheros AR946x Wireless Network Adapter,3.0.2.201,100.0,
Intel(R) Wi-Fi 6 AX201 160MHz #2 - 23.80.0.7,25880,0,0,39,25880,Intel(R) Wi-Fi 6 AX201 160MHz #2,23.80.0.7,100.0,2024-09-25
Intel(R) Wi-Fi 6 AX201 160MHz - 21.110.3.2,35749,1,0,38,35750,Intel(R) Wi-Fi 6 AX201 160MHz,21.110.3.2,100.0,2020-08-05
Intel(R) Wi-Fi 6 AX201 160MHz - 21.60.2.1,42928,0,14,45,42942,Intel(R) Wi-Fi 6 AX201 160MHz,21.60.2.1,100.0,2019-12-14
Intel(R) Wi-Fi 6 AX201 160MHz - 21.70.0.6,75080,18,13,97,75111,Intel(R) Wi-Fi 6 AX201 160MHz,21.70.0.6,100.0,2020-01-06
Intel(R) Wi-Fi 6E AX211 160MHz - 22.150.0.3,11133,0,0,34,11133,Intel(R) Wi-Fi 6E AX211 160MHz,22.150.0.3,100.0,2022-05-23
Intel(R) Wi-Fi 6E AX211 160MHz - 22.220.0.4,13538,0,0,27,13538,Intel(R) Wi-Fi 6E AX211 160MHz,22.220.0.4,100.0,2023-03-28
Intel(R) Wi-Fi 6 AX201 160MHz - 22.50.1.1,22784,4,2,49,22790,Intel(R) Wi-Fi 6 AX201 160MHz,22.50.1.1,100.0,2021-04-27
Intel(R) Wi-Fi 6E AX210 160MHz - 23.20.1.1,10649,1,1,39,10651,Intel(R) Wi-Fi 6E AX210 160MHz,23.20.1.1,100.0,2023-12-19
Realtek RTL8188EU Wireless LAN 802.11n USB 2.0 Network Adapter - 1030.38.712.2019,23079,0,0,30,23079,Realtek RTL8188EU Wireless LAN 802.11n USB 2.0 Network Adapter,1030.38.712.2019,100.0,2019-07-17
Realtek RTL8188EU Wireless LAN 802.11n USB 2.0 Network Adapter - 1030.44.1014.2024,25307,0,0,29,25307,Realtek RTL8188EU Wireless LAN 802.11n USB 2.0 Network Adapter,1030.44.1014.2024,100.0,2024-10-13
Intel(R) Dual Band Wireless-AC 8260 - 20.70.16.4,32477,2,6,44,32485,Intel(R) Dual Band Wireless-AC 8260,20.70.16.4,100.0,2019-12-31
Qualcomm FastConnect 6900 Wi-Fi 6E Dual Band Simultaneous (DBS) WDI Network Adapter - 1.0.0.1694,143174,51,19,227,143244,Qualcomm FastConnect 6900 Wi-Fi 6E Dual Band Simultaneous (DBS) WDI Network Adapter,1.0.0.1694,100.0,2024-08-08
Realtek RTL8822BE 802.11ac PCIe Adapter - 2024.0.10.209,31549,8,5,23,31562,Realtek RTL8822BE 802.11ac PCIe Adapter,2024.0.10.209,100.0,2019-12-03
Realtek RTL8822CE 802.11ac PCIe Adapter - 2024.10.227.0,20550,3,1,46,20554,Realtek RTL8822CE 802.11ac PCIe Adapter,2024.10.227.0,100.0,2022-06-20
Realtek RTL8822CE 802.11ac PCIe Adapter - 2024.10.228.7,23768,0,0,30,23768,Realtek RTL8822CE 802.11ac PCIe Adapter,2024.10.228.7,100.0,2023-09-13
Realtek RTL8852BE WiFi 6 802.11ax PCIe Adapter - 6001.15.123.322,13058,0,0,17,13058,Realtek RTL8852BE WiFi 6 802.11ax PCIe Adapter,6001.15.123.322,100.0,2024-06-30
Realtek RTL8852BE WiFi 6 802.11ax PCIe Adapter - 6001.15.124.0,10229,0,0,13,10229,Realtek RTL8852BE WiFi 6 802.11ax PCIe Adapter,6001.15.124.0,100.0,2022-07-03
Realtek 8811CU Wireless LAN 802.11ac USB NIC - 1030.44.1014.2024,13476,0,0,35,13476,Realtek 8811CU Wireless LAN 802.11ac USB NIC,1030.44.1014.2024,100.0,2024-10-13
Intel(R) Wi-Fi 6E AX210 160MHz - 22.0.1.5,155452,0,0,156,155452,Intel(R) Wi-Fi 6E AX210 160MHz,22.0.1.5,100.0,
Intel(R) Wi-Fi 6E AX210 160MHz - 22.100.0.3,12548,0,2,23,12550,Intel(R) Wi-Fi 6E AX210 160MHz,22.100.0.3,100.0,2022-05-01
Intel(R) Wi-Fi 6E AX210 160MHz - 22.110.1.1,26527,0,0,26,26527,Intel(R) Wi-Fi 6E AX210 160MHz,22.110.1.1,100.0,2022-01-01
Intel(R) Wi-Fi 6E AX210 160MHz - 22.170.2.1,19083,0,0,23,19083,Intel(R) Wi-Fi 6E AX210 160MHz,22.170.2.1,100.0,2022-08-30
