Adapter-Driver,Good Sum,Critical Sum,Warning Sum,Client Count,Total Sum,Adapter,Driver,Good Roaming Calculation (%)
MediaTek Wi-Fi 6 MT7921 Wireless LAN Card - 24.34.2.571,7846,6153,3823,59,17822,MediaTek Wi-Fi 6 MT7921 Wireless LAN Card,24.34.2.571,44.0
Intel(R) Dual Band Wireless-AC 7265 - 22.110.0.2,38283,16041,7205,80,61529,Intel(R) Dual Band Wireless-AC 7265,22.110.0.2,62.2
Realtek RTL8852BE WiFi 6 802.11ax PCIe Adapter - 6001.15.155.1,142629,25541,3364,262,171534,Realtek RTL8852BE WiFi 6 802.11ax PCIe Adapter,6001.15.155.1,83.1
Intel(R) Wi-Fi 6 AX201 160MHz - 22.120.0.3,472751,43578,18728,986,535057,Intel(R) Wi-Fi 6 AX201 160MHz,22.120.0.3,88.4
Intel(R) Wi-Fi 6E AX210 160MHz - 23.70.4.1,23004,561,2166,33,25731,Intel(R) Wi-Fi 6E AX210 160MHz,23.70.4.1,89.4
Intel(R) Dual Band Wireless-AC 8265 - 20.70.17.1,14739,828,640,50,16207,Intel(R) Dual Band Wireless-AC 8265,20.70.17.1,90.9
MediaTek Wi-Fi 6 MT7921 Wireless LAN Card - 23.32.2.560,28348,2011,78,58,30437,MediaTek Wi-Fi 6 MT7921 Wireless LAN Card,23.32.2.560,93.1
MediaTek Wi-Fi 6 MT7921 Wireless LAN Card - 3.3.3.854,33301,2159,64,66,35524,MediaTek Wi-Fi 6 MT7921 Wireless LAN Card,3.3.3.854,93.7
Realtek RTL8811AU Wireless LAN 802.11ac USB 2.0 Network Adapter - 1030.44.822.2023,1096546,59711,11560,1244,1167817,Realtek RTL8811AU Wireless LAN 802.11ac USB 2.0 Network Adapter,1030.44.822.2023,93.9
Qualcomm Atheros AR9580 Wireless Network Adapter - 3.0.2.201,86393,4103,832,147,91328,Qualcomm Atheros AR9580 Wireless Network Adapter,3.0.2.201,94.6
Intel(R) Wi-Fi 6 AX201 160MHz - 22.220.1.1,36734,1362,755,56,38851,Intel(R) Wi-Fi 6 AX201 160MHz,22.220.1.1,94.6
MediaTek Wi-Fi 6E MT7922 (RZ616) 160MHz PCIe Adapter - 3.3.0.908,132382,7565,40,188,139987,MediaTek Wi-Fi 6E MT7922 (RZ616) 160MHz PCIe Adapter,3.3.0.908,94.6
Intel(R) Wireless-AC 9560 160MHz - 22.230.0.8,128050,6036,318,168,134404,Intel(R) Wireless-AC 9560 160MHz,22.230.0.8,95.3
Qualcomm Atheros AR9580 Wireless Network Adapter - 10.1.10.5,48338,1813,439,108,50590,Qualcomm Atheros AR9580 Wireless Network Adapter,10.1.10.5,95.5
Intel(R) Dual Band Wireless-AC 8265 - 20.50.3.3,310839,7405,5840,539,324084,Intel(R) Dual Band Wireless-AC 8265,20.50.3.3,95.9
Intel(R) Wi-Fi 6 AX200 160MHz - 22.130.0.5,45027,884,836,51,46747,Intel(R) Wi-Fi 6 AX200 160MHz,22.130.0.5,96.3
Intel(R) Wireless-AC 9260 160MHz - 23.40.0.4,85700,2832,354,90,88886,Intel(R) Wireless-AC 9260 160MHz,23.40.0.4,96.4
Intel(R) Wi-Fi 6E AX211 160MHz - 22.150.1.1,49198,194,1613,64,51005,Intel(R) Wi-Fi 6E AX211 160MHz,22.150.1.1,96.5
Intel(R) Dual Band Wireless-AC 7265 - 19.51.12.3,126122,4229,206,143,130557,Intel(R) Dual Band Wireless-AC 7265,19.51.12.3,96.6
Intel(R) Wi-Fi 6 AX201 160MHz - 22.150.0.3,846149,25371,3394,1428,874914,Intel(R) Wi-Fi 6 AX201 160MHz,22.150.0.3,96.7
Intel(R) Wi-Fi 6E AX211 160MHz - 22.220.1.1,2108383,51978,19627,1845,2179988,Intel(R) Wi-Fi 6E AX211 160MHz,22.220.1.1,96.7
Intel(R) Wi-Fi 6 AX201 160MHz - 23.70.2.3,124669,1542,2613,303,128824,Intel(R) Wi-Fi 6 AX201 160MHz,23.70.2.3,96.8
Realtek 8821CE Wireless LAN 802.11ac PCI-E NIC - 2024.10.139.3,57941,1187,687,146,59815,Realtek 8821CE Wireless LAN 802.11ac PCI-E NIC,2024.10.139.3,96.9
Intel(R) Dual Band Wireless-AC 7265 - 19.51.27.1,125556,1335,2733,141,129624,Intel(R) Dual Band Wireless-AC 7265,19.51.27.1,96.9
MediaTek Wi-Fi 6E MT7922 (RZ616) 160MHz PCIe Adapter - 3.3.0.824,52453,1428,31,112,53912,MediaTek Wi-Fi 6E MT7922 (RZ616) 160MHz PCIe Adapter,3.3.0.824,97.3
Intel(R) Dual Band Wireless-AC 8260 - 20.50.0.4,97223,1406,1317,133,99946,Intel(R) Dual Band Wireless-AC 8260,20.50.0.4,97.3
Intel(R) Wi-Fi 6 AX201 160MHz - 23.70.0.6,18746,222,269,36,19237,Intel(R) Wi-Fi 6 AX201 160MHz,23.70.0.6,97.4
Realtek RTL8852AE WiFi 6 802.11ax PCIe Adapter - 6001.10.356.0,159822,1471,2847,213,164140,Realtek RTL8852AE WiFi 6 802.11ax PCIe Adapter,6001.10.356.0,97.4
Intel(R) Dual Band Wireless-AC 7265 - 19.51.48.1,40854,773,211,72,41838,Intel(R) Dual Band Wireless-AC 7265,19.51.48.1,97.6
Intel(R) Wi-Fi 6 AX201 160MHz - 22.170.2.1,9676894,142269,99429,24968,9918592,Intel(R) Wi-Fi 6 AX201 160MHz,22.170.2.1,97.6
Intel(R) Dual Band Wireless-AC 3165 - 19.51.40.1,271472,2566,4019,317,278057,Intel(R) Dual Band Wireless-AC 3165,19.51.40.1,97.6
Intel(R) Dual Band Wireless-AC 8260 - 20.70.18.2,318461,2709,4794,341,325964,Intel(R) Dual Band Wireless-AC 8260,20.70.18.2,97.7
Intel(R) Dual Band Wireless-AC 7265 - 19.51.18.1,32229,706,68,36,33003,Intel(R) Dual Band Wireless-AC 7265,19.51.18.1,97.7
Intel(R) Wi-Fi 6 AX200 160MHz - 23.110.0.5,29819,72,591,93,30482,Intel(R) Wi-Fi 6 AX200 160MHz,23.110.0.5,97.8
Intel(R) Wi-Fi 6 AX201 160MHz - 22.160.3.2,159712,3086,539,223,163337,Intel(R) Wi-Fi 6 AX201 160MHz,22.160.3.2,97.8
Intel(R) Wi-Fi 6 AX201 160MHz - 22.160.0.3,4204390,56007,38573,12386,4298970,Intel(R) Wi-Fi 6 AX201 160MHz,22.160.0.3,97.8
Intel(R) Wi-Fi 6 AX201 160MHz - 23.20.1.1,5081501,56146,53966,10134,5191613,Intel(R) Wi-Fi 6 AX201 160MHz,23.20.1.1,97.9
Intel(R) Wi-Fi 6 AX201 160MHz - 22.160.0.4,690483,14690,260,825,705433,Intel(R) Wi-Fi 6 AX201 160MHz,22.160.0.4,97.9
Intel(R) Wi-Fi 6E AX210 160MHz - 22.230.0.8,63558,274,1089,55,64921,Intel(R) Wi-Fi 6E AX210 160MHz,22.230.0.8,97.9
Intel(R) Wi-Fi 6 AX201 160MHz - 23.40.1.1,499707,8262,2440,970,510409,Intel(R) Wi-Fi 6 AX201 160MHz,23.40.1.1,97.9
Intel(R) Wi-Fi 6 AX200 160MHz - 22.100.0.3,112752,1517,871,132,115140,Intel(R) Wi-Fi 6 AX200 160MHz,22.100.0.3,97.9
Intel(R) Wi-Fi 6 AX201 160MHz - 22.140.0.3,215771,3895,596,404,220262,Intel(R) Wi-Fi 6 AX201 160MHz,22.140.0.3,98.0
NETGEAR A8000 WiFi 6 & 6E Adapter - 1.0.0.108,24114,402,96,44,24612,NETGEAR A8000 WiFi 6 & 6E Adapter,1.0.0.108,98.0
MediaTek Wi-Fi 6E MT7922 (RZ616) 160MHz PCIe Adapter - 3.3.0.897,192445,3150,708,305,196303,MediaTek Wi-Fi 6E MT7922 (RZ616) 160MHz PCIe Adapter,3.3.0.897,98.0
Realtek 8821CE Wireless LAN 802.11ac PCI-E NIC - 2024.10.138.0,26259,245,270,75,26774,Realtek 8821CE Wireless LAN 802.11ac PCI-E NIC,2024.10.138.0,98.1
Intel(R) Wi-Fi 6E AX211 160MHz - 22.190.0.4,429398,6634,1850,890,437882,Intel(R) Wi-Fi 6E AX211 160MHz,22.190.0.4,98.1
Intel(R) Wi-Fi 6 AX201 160MHz - 23.30.0.6,2613606,27000,24819,6924,2665425,Intel(R) Wi-Fi 6 AX201 160MHz,23.30.0.6,98.1
Killer(R) Wi-Fi 6 AX1650s 160MHz Wireless Network Adapter (201D2W) - 23.20.1.1,25634,282,206,73,26122,Killer(R) Wi-Fi 6 AX1650s 160MHz Wireless Network Adapter (201D2W),23.20.1.1,98.1
Intel(R) Wi-Fi 6 AX201 160MHz - 23.80.0.7,8871570,114883,54768,18927,9041221,Intel(R) Wi-Fi 6 AX201 160MHz,23.80.0.7,98.1
Intel(R) Dual Band Wireless-AC 7265 - 19.51.42.2,237539,3764,894,478,242197,Intel(R) Dual Band Wireless-AC 7265,19.51.42.2,98.1
Intel(R) Dual Band Wireless-AC 8265 - 20.90.0.100,55110,419,656,58,56185,Intel(R) Dual Band Wireless-AC 8265,20.90.0.100,98.1
Intel(R) Wi-Fi 6 AX201 160MHz - 23.110.0.5,578234,8578,2527,1486,589339,Intel(R) Wi-Fi 6 AX201 160MHz,23.110.0.5,98.1
Intel(R) Wi-Fi 6 AX201 160MHz - 23.60.0.10,646770,7586,4371,1452,658727,Intel(R) Wi-Fi 6 AX201 160MHz,23.60.0.10,98.2
Intel(R) Wi-Fi 6E AX211 160MHz - 22.170.2.1,6480238,69808,44113,16234,6594159,Intel(R) Wi-Fi 6E AX211 160MHz,22.170.2.1,98.3
Intel(R) Dual Band Wireless-AC 8260 - 20.70.11.3,112012,371,1529,128,113912,Intel(R) Dual Band Wireless-AC 8260,20.70.11.3,98.3
Intel(R) Dual Band Wireless-AC 7265 - 19.51.37.2,152549,1949,759,171,155257,Intel(R) Dual Band Wireless-AC 7265,19.51.37.2,98.3
NETGEAR A6100 WiFi Adapter - 1030.25.701.2017,127829,2205,7,90,130041,NETGEAR A6100 WiFi Adapter,1030.25.701.2017,98.3
Intel(R) Wi-Fi 6 AX201 160MHz - 22.250.1.2,12425227,122229,84319,19467,12631775,Intel(R) Wi-Fi 6 AX201 160MHz,22.250.1.2,98.4
Intel(R) Wi-Fi 6 AX200 160MHz - 23.60.0.10,287246,3756,830,981,291832,Intel(R) Wi-Fi 6 AX200 160MHz,23.60.0.10,98.4
Intel(R) Wi-Fi 6 AX201 160MHz - 22.250.10.1,2715630,23233,20122,6210,2758985,Intel(R) Wi-Fi 6 AX201 160MHz,22.250.10.1,98.4
Intel(R) Dual Band Wireless-AC 8265 - 20.70.18.2,916248,10139,4733,1422,931120,Intel(R) Dual Band Wireless-AC 8265,20.70.18.2,98.4
Intel(R) Wi-Fi 6E AX211 160MHz - 23.60.0.10,101429,1472,191,230,103092,Intel(R) Wi-Fi 6E AX211 160MHz,23.60.0.10,98.4
MediaTek Wi-Fi 6 MT7921 Wireless LAN Card - 24.40.2.575,524944,5020,3568,975,533532,MediaTek Wi-Fi 6 MT7921 Wireless LAN Card,24.40.2.575,98.4
Intel(R) Wi-Fi 6 AX200 160MHz - 22.120.1.9,1330976,17112,4607,1448,1352695,Intel(R) Wi-Fi 6 AX200 160MHz,22.120.1.9,98.4
Killer(R) Wi-Fi 6 AX1650s 160MHz Wireless Network Adapter (201D2W) - 23.90.0.2,478872,7042,820,820,486734,Killer(R) Wi-Fi 6 AX1650s 160MHz Wireless Network Adapter (201D2W),23.90.0.2,98.4
Intel(R) Wi-Fi 6 AX201 160MHz - 22.110.1.1,3045899,28022,18622,5277,3092543,Intel(R) Wi-Fi 6 AX201 160MHz,22.110.1.1,98.5
Edimax AC1750 Wi-Fi USB Adapter - 1030.44.1014.2024,57203,816,1,63,58020,Edimax AC1750 Wi-Fi USB Adapter,1030.44.1014.2024,98.6
Intel(R) Dual Band Wireless-AC 8265 - 20.70.27.1,659271,5978,3714,832,668963,Intel(R) Dual Band Wireless-AC 8265,20.70.27.1,98.6
Intel(R) Wi-Fi 6E AX211 160MHz - 22.160.0.3,1266120,7312,10190,1952,1283622,Intel(R) Wi-Fi 6E AX211 160MHz,22.160.0.3,98.6
Killer(R) Wi-Fi 6 AX1650s 160MHz Wireless Network Adapter (201D2W) - 23.60.1.2,354356,2767,2366,539,359489,Killer(R) Wi-Fi 6 AX1650s 160MHz Wireless Network Adapter (201D2W),23.60.1.2,98.6
MediaTek Wi-Fi 6E MT7922 (RZ616) 160MHz PCIe Adapter - 3.3.0.800,24759,287,75,126,25121,MediaTek Wi-Fi 6E MT7922 (RZ616) 160MHz PCIe Adapter,3.3.0.800,98.6
Intel(R) Wi-Fi 6 AX201 160MHz - 22.130.0.5,1914761,13175,11439,2922,1939375,Intel(R) Wi-Fi 6 AX201 160MHz,22.130.0.5,98.7
Intel(R) Wi-Fi 6 AX200 160MHz - 23.40.0.4,775839,7238,1810,1416,784887,Intel(R) Wi-Fi 6 AX200 160MHz,23.40.0.4,98.8
Intel(R) Wi-Fi 6E AX211 160MHz - 22.170.0.3,368702,4189,215,436,373106,Intel(R) Wi-Fi 6E AX211 160MHz,22.170.0.3,98.8
Intel(R) Wi-Fi 6 AX201 160MHz - 22.60.1.2,737537,3561,5687,1866,746785,Intel(R) Wi-Fi 6 AX201 160MHz,22.60.1.2,98.8
TP-Link Wireless USB Adapter - 1030.38.712.2019,64009,216,544,101,64769,TP-Link Wireless USB Adapter,1030.38.712.2019,98.8
Intel(R) Wi-Fi 6E AX211 160MHz - 23.30.0.6,4237157,36188,16979,7272,4290324,Intel(R) Wi-Fi 6E AX211 160MHz,23.30.0.6,98.8
Realtek RTL8852AE WiFi 6 802.11ax PCIe Adapter - 6001.10.353.0,179214,1682,345,271,181241,Realtek RTL8852AE WiFi 6 802.11ax PCIe Adapter,6001.10.353.0,98.9
Intel(R) Wi-Fi 6E AX211 160MHz - 23.20.0.4,219776,1687,687,431,222150,Intel(R) Wi-Fi 6E AX211 160MHz,23.20.0.4,98.9
MediaTek Wi-Fi 6 MT7921 Wireless LAN Card - 23.33.2.563,124147,982,446,251,125575,MediaTek Wi-Fi 6 MT7921 Wireless LAN Card,23.33.2.563,98.9
Intel(R) Wi-Fi 6 AX200 160MHz - 23.120.0.3,17393,181,4,25,17578,Intel(R) Wi-Fi 6 AX200 160MHz,23.120.0.3,98.9
Intel(R) Wi-Fi 6 AX201 160MHz - 21.10.2.2,146622,1184,378,245,148184,Intel(R) Wi-Fi 6 AX201 160MHz,21.10.2.2,98.9
Intel(R) Wi-Fi 6 AX201 160MHz - 23.70.4.1,46925,400,108,78,47433,Intel(R) Wi-Fi 6 AX201 160MHz,23.70.4.1,98.9
Intel(R) Dual Band Wireless-AC 8265 - 20.70.24.1,467631,4107,1280,533,473018,Intel(R) Dual Band Wireless-AC 8265,20.70.24.1,98.9
Intel(R) Wi-Fi 6 AX201 160MHz - 22.0.1.5,436340,2501,2503,562,441344,Intel(R) Wi-Fi 6 AX201 160MHz,22.0.1.5,98.9
Intel(R) Wi-Fi 6 AX201 160MHz - 23.60.1.2,39031037,237588,140001,68040,39408626,Intel(R) Wi-Fi 6 AX201 160MHz,23.60.1.2,99.0
Intel(R) Wi-Fi 6 AX201 160MHz - 23.40.0.4,8781011,54900,35322,19364,8871233,Intel(R) Wi-Fi 6 AX201 160MHz,23.40.0.4,99.0
Qualcomm FastConnect 6900 Wi-Fi 6E Dual Band Simultaneous (DBS) WiFiCx Network Adapter - 2.0.0.1193,64994,635,0,88,65629,Qualcomm FastConnect 6900 Wi-Fi 6E Dual Band Simultaneous (DBS) WiFiCx Network Adapter,2.0.0.1193,99.0
Intel(R) Wi-Fi 6 AX201 160MHz - 23.20.0.4,212326,593,1573,370,214492,Intel(R) Wi-Fi 6 AX201 160MHz,23.20.0.4,99.0
Intel(R) Dual Band Wireless-AC 8265 - 20.70.32.1,2299101,15246,8360,3503,2322707,Intel(R) Dual Band Wireless-AC 8265,20.70.32.1,99.0
Intel(R) Wi-Fi 6E AX211 160MHz - 23.40.1.1,75110,771,23,226,75904,Intel(R) Wi-Fi 6E AX211 160MHz,23.40.1.1,99.0
Realtek 8822CE Wireless LAN 802.11ac PCI-E NIC - 2024.10.139.3,15727,156,7,35,15890,Realtek 8822CE Wireless LAN 802.11ac PCI-E NIC,2024.10.139.3,99.0
MediaTek Wi-Fi 6 MT7921 Wireless LAN Card - 3.0.1.1314,196903,522,1397,387,198822,MediaTek Wi-Fi 6 MT7921 Wireless LAN Card,3.0.1.1314,99.0
Intel(R) Wi-Fi 6E AX211 160MHz - 22.200.2.1,3532753,28480,8239,7394,3569472,Intel(R) Wi-Fi 6E AX211 160MHz,22.200.2.1,99.0
Intel(R) Wi-Fi 6 AX201 160MHz - 23.90.1.3,143498,637,834,266,144969,Intel(R) Wi-Fi 6 AX201 160MHz,23.90.1.3,99.0
Intel(R) Dual Band Wireless-AC 7265 - 19.51.31.1,91512,898,3,96,92413,Intel(R) Dual Band Wireless-AC 7265,19.51.31.1,99.0
MediaTek MT7921 Wi-Fi 6 802.11ax PCIe Adapter - 3.0.1.1297,31062,209,86,173,31357,MediaTek MT7921 Wi-Fi 6 802.11ax PCIe Adapter,3.0.1.1297,99.1
Intel(R) Dual Band Wireless-AC 8260 - 20.70.32.1,1001447,3922,5426,1232,1010795,Intel(R) Dual Band Wireless-AC 8260,20.70.32.1,99.1
Intel(R) Wi-Fi 6E AX210 160MHz - 22.150.0.3,70771,188,456,70,71415,Intel(R) Wi-Fi 6E AX210 160MHz,22.150.0.3,99.1
Intel(R) Wi-Fi 6E AX211 160MHz - 23.20.1.1,8566469,38085,41132,17959,8645686,Intel(R) Wi-Fi 6E AX211 160MHz,23.20.1.1,99.1
Intel(R) Wi-Fi 6 AX200 160MHz - 22.60.0.6,94574,671,220,153,95465,Intel(R) Wi-Fi 6 AX200 160MHz,22.60.0.6,99.1
Intel(R) Wi-Fi 6 AX200 160MHz - 22.240.0.6,103926,662,319,186,104907,Intel(R) Wi-Fi 6 AX200 160MHz,22.240.0.6,99.1
Intel(R) Wi-Fi 6E AX211 160MHz - 22.130.0.5,2590194,14883,7789,6474,2612866,Intel(R) Wi-Fi 6E AX211 160MHz,22.130.0.5,99.1
Intel(R) Wireless-AC 9560 160MHz - 22.80.0.9,35995,259,71,85,36325,Intel(R) Wireless-AC 9560 160MHz,22.80.0.9,99.1
Intel(R) Wi-Fi 6 AX201 160MHz - 22.180.0.4,425615,1475,2267,581,429357,Intel(R) Wi-Fi 6 AX201 160MHz,22.180.0.4,99.1
Intel(R) Wi-Fi 6E AX211 160MHz - 23.90.0.2,20416133,131955,52713,30568,20600801,Intel(R) Wi-Fi 6E AX211 160MHz,23.90.0.2,99.1
Intel(R) Wi-Fi 6 AX201 160MHz - 22.200.2.1,5037720,24951,17144,10111,5079815,Intel(R) Wi-Fi 6 AX201 160MHz,22.200.2.1,99.2
Intel(R) Dual Band Wireless-AC 8265 - 20.70.16.4,284786,1276,1028,372,287090,Intel(R) Dual Band Wireless-AC 8265,20.70.16.4,99.2
MediaTek MT7921 Wi-Fi 6 802.11ax PCIe Adapter - 3.0.1.1317,43502,197,160,403,43859,MediaTek MT7921 Wi-Fi 6 802.11ax PCIe Adapter,3.0.1.1317,99.2
Intel(R) Wi-Fi 6 AX201 160MHz - 21.110.2.1,32420,182,63,86,32665,Intel(R) Wi-Fi 6 AX201 160MHz,21.110.2.1,99.2
Intel(R) Wi-Fi 6 AX201 160MHz - 21.110.1.1,4630918,21595,16739,7844,4669252,Intel(R) Wi-Fi 6 AX201 160MHz,21.110.1.1,99.2
Intel(R) Wi-Fi 6E AX211 160MHz - 23.110.0.5,5767403,36318,12087,12801,5815808,Intel(R) Wi-Fi 6E AX211 160MHz,23.110.0.5,99.2
Intel(R) Wi-Fi 6E AX211 160MHz - 22.240.0.6,544135,3573,684,1035,548392,Intel(R) Wi-Fi 6E AX211 160MHz,22.240.0.6,99.2
Intel(R) Wi-Fi 6E AX211 160MHz - 23.60.1.2,32672098,135211,121512,69524,32928821,Intel(R) Wi-Fi 6E AX211 160MHz,23.60.1.2,99.2
Intel(R) Wi-Fi 6E AX211 160MHz - 23.70.4.1,273909,828,1342,334,276079,Intel(R) Wi-Fi 6E AX211 160MHz,23.70.4.1,99.2
Intel(R) Wi-Fi 6E AX210 160MHz - 23.60.1.2,752845,2935,3292,1298,759072,Intel(R) Wi-Fi 6E AX210 160MHz,23.60.1.2,99.2
Intel(R) Wi-Fi 6 AX201 160MHz - 22.200.0.6,303370,1778,722,485,305870,Intel(R) Wi-Fi 6 AX201 160MHz,22.200.0.6,99.2
Intel(R) Wi-Fi 6 AX200 160MHz - 23.80.0.7,1016658,5460,2128,2128,1024246,Intel(R) Wi-Fi 6 AX200 160MHz,23.80.0.7,99.3
Killer Wi-Fi 6 AX500-DBS Wireless Network Adapter - 1.0.0.1769,28416,209,1,57,28626,Killer Wi-Fi 6 AX500-DBS Wireless Network Adapter,1.0.0.1769,99.3
Intel(R) Wi-Fi 6E AX211 160MHz - 22.250.10.1,1467833,4190,5536,2808,1477559,Intel(R) Wi-Fi 6E AX211 160MHz,22.250.10.1,99.3
Intel(R) Wi-Fi 6 AX200 160MHz - 22.70.0.6,139760,933,44,258,140737,Intel(R) Wi-Fi 6 AX200 160MHz,22.70.0.6,99.3
Intel(R) Wi-Fi 6E AX211 160MHz - 22.250.1.2,346392,1418,995,806,348805,Intel(R) Wi-Fi 6E AX211 160MHz,22.250.1.2,99.3
Intel(R) Wi-Fi 6 AX200 160MHz - 22.250.0.4,579538,2689,1470,614,583697,Intel(R) Wi-Fi 6 AX200 160MHz,22.250.0.4,99.3
Intel(R) Wi-Fi 6 AX201 160MHz - 23.90.0.2,18713509,97088,35931,26460,18846528,Intel(R) Wi-Fi 6 AX201 160MHz,23.90.0.2,99.3
Intel(R) Wi-Fi 6E AX211 160MHz - 22.160.0.4,20966,56,87,67,21109,Intel(R) Wi-Fi 6E AX211 160MHz,22.160.0.4,99.3
Intel(R) Wi-Fi 6 AX201 160MHz - 22.30.0.11,992260,4274,2688,2300,999222,Intel(R) Wi-Fi 6 AX201 160MHz,22.30.0.11,99.3
Intel(R) Wi-Fi 6E AX211 160MHz - 23.90.1.3,1508086,4024,7079,2381,1519189,Intel(R) Wi-Fi 6E AX211 160MHz,23.90.1.3,99.3
Intel(R) Wireless-AC 9560 160MHz - 22.170.0.3,290187,1542,538,507,292267,Intel(R) Wireless-AC 9560 160MHz,22.170.0.3,99.3
Intel(R) Wi-Fi 6E AX211 160MHz - 23.80.0.7,2115782,6286,8848,3863,2130916,Intel(R) Wi-Fi 6E AX211 160MHz,23.80.0.7,99.3
Intel(R) Wi-Fi 6 AX201 160MHz - 22.80.1.1,1670395,4275,6911,1739,1681581,Intel(R) Wi-Fi 6 AX201 160MHz,22.80.1.1,99.3
Intel(R) Wi-Fi 6 AX201 160MHz - 22.70.0.6,436881,951,1991,850,439823,Intel(R) Wi-Fi 6 AX201 160MHz,22.70.0.6,99.3
Intel(R) Wi-Fi 6 AX200 160MHz - 21.110.1.1,223919,1106,444,407,225469,Intel(R) Wi-Fi 6 AX200 160MHz,21.110.1.1,99.3
Intel(R) Dual Band Wireless-AC 8265 - 22.160.0.4,1377957,5359,3820,1552,1387136,Intel(R) Dual Band Wireless-AC 8265,22.160.0.4,99.3
Intel(R) Wi-Fi 6 AX201 160MHz - 22.230.0.8,2019647,5143,10006,3393,2034796,Intel(R) Wi-Fi 6 AX201 160MHz,22.230.0.8,99.3
Intel(R) Dual Band Wireless-AC 8265 - 20.70.3.3,1101819,4059,2337,1487,1108215,Intel(R) Dual Band Wireless-AC 8265,20.70.3.3,99.4
Intel(R) Wi-Fi 6 AX201 160MHz - 22.10.0.7,2679750,7590,7507,5495,2694847,Intel(R) Wi-Fi 6 AX201 160MHz,22.10.0.7,99.4
Intel(R) Wi-Fi 6 AX201 160MHz - 22.100.0.3,841027,2753,2650,1320,846430,Intel(R) Wi-Fi 6 AX201 160MHz,22.100.0.3,99.4
Qualcomm QCA61x4A 802.11ac Wireless Adapter - 12.0.0.722,87415,24,464,152,87903,Qualcomm QCA61x4A 802.11ac Wireless Adapter,12.0.0.722,99.4
Intel(R) Wi-Fi 6 AX200 160MHz - 22.250.1.2,347876,1732,304,606,349912,Intel(R) Wi-Fi 6 AX200 160MHz,22.250.1.2,99.4
Intel(R) Dual Band Wireless-AC 7265 - 19.10.0.9,16633,0,100,26,16733,Intel(R) Dual Band Wireless-AC 7265,19.10.0.9,99.4
Intel(R) Wireless-AC 9560 160MHz - 22.250.0.4,1679307,7721,2272,2396,1689300,Intel(R) Wireless-AC 9560 160MHz,22.250.0.4,99.4
Intel(R) Wi-Fi 6 AX201 160MHz - 23.50.0.6,1236464,5678,1911,1721,1244053,Intel(R) Wi-Fi 6 AX201 160MHz,23.50.0.6,99.4
Intel(R) Dual Band Wireless-AC 8265 - 20.70.21.2,1334732,4623,3835,1995,1343190,Intel(R) Dual Band Wireless-AC 8265,20.70.21.2,99.4
Intel(R) Wi-Fi 6 AX201 160MHz - 22.240.0.6,1652450,7411,3231,3144,1663092,Intel(R) Wi-Fi 6 AX201 160MHz,22.240.0.6,99.4
Intel(R) Wi-Fi 6 AX201 160MHz - 22.100.1.1,1642714,7429,2278,3188,1652421,Intel(R) Wi-Fi 6 AX201 160MHz,22.100.1.1,99.4
Intel(R) Wi-Fi 6 AX200 160MHz - 22.40.0.7,560162,1193,2101,951,563456,Intel(R) Wi-Fi 6 AX200 160MHz,22.40.0.7,99.4
Intel(R) Wi-Fi 6 AX200 160MHz - 23.90.0.2,5932883,27421,10503,6023,5970807,Intel(R) Wi-Fi 6 AX200 160MHz,23.90.0.2,99.4
Intel(R) Wi-Fi 6 AX200 160MHz - 22.200.2.1,732280,2128,2400,882,736808,Intel(R) Wi-Fi 6 AX200 160MHz,22.200.2.1,99.4
Intel(R) Dual Band Wireless-AC 7260 - 18.33.16.2,196587,1139,146,295,197872,Intel(R) Dual Band Wireless-AC 7260,18.33.16.2,99.4
Intel(R) Wi-Fi 6 AX200 160MHz - 21.60.0.5,673040,2695,1597,1557,677332,Intel(R) Wi-Fi 6 AX200 160MHz,21.60.0.5,99.4
Intel(R) Wireless-AC 9560 160MHz - 22.110.1.1,20330,55,43,212,20428,Intel(R) Wireless-AC 9560 160MHz,22.110.1.1,99.5
Intel(R) Wi-Fi 6 AX200 160MHz - 23.20.1.1,149879,151,654,215,150684,Intel(R) Wi-Fi 6 AX200 160MHz,23.20.1.1,99.5
Intel(R) Wi-Fi 6E AX210 160MHz - 23.80.0.7,360138,990,753,685,361881,Intel(R) Wi-Fi 6E AX210 160MHz,23.80.0.7,99.5
Intel(R) Dual Band Wireless-AC 7265 - 19.51.40.1,643441,1961,1571,704,646973,Intel(R) Dual Band Wireless-AC 7265,19.51.40.1,99.5
Intel(R) Dual Band Wireless-AC 8265 - 22.110.0.2,2355508,8923,2195,2799,2366626,Intel(R) Dual Band Wireless-AC 8265,22.110.0.2,99.5
Intel(R) Dual Band Wireless-AC 8265 - 20.70.25.2,1616988,7065,634,2305,1624687,Intel(R) Dual Band Wireless-AC 8265,20.70.25.2,99.5
Realtek 8821CE Wireless LAN 802.11ac PCI-E NIC - 2024.10.139.2,34458,54,130,41,34642,Realtek 8821CE Wireless LAN 802.11ac PCI-E NIC,2024.10.139.2,99.5
Intel(R) Wireless-AC 9560 160MHz - 23.20.1.1,256828,281,904,508,258013,Intel(R) Wireless-AC 9560 160MHz,23.20.1.1,99.5
Intel(R) Wi-Fi 6 AX200 160MHz - 22.170.0.3,274003,934,418,583,275355,Intel(R) Wi-Fi 6 AX200 160MHz,22.170.0.3,99.5
Intel(R) Wi-Fi 6E AX211 160MHz - 23.40.0.4,662280,1848,1469,1754,665597,Intel(R) Wi-Fi 6E AX211 160MHz,23.40.0.4,99.5
Intel(R) Wi-Fi 6 AX201 160MHz - 21.90.2.1,656856,2465,1131,748,660452,Intel(R) Wi-Fi 6 AX201 160MHz,21.90.2.1,99.5
Intel(R) Dual Band Wireless-AC 8260 - 20.70.2.1,181486,456,444,178,182386,Intel(R) Dual Band Wireless-AC 8260,20.70.2.1,99.5
Realtek RTL8852AE WiFi 6 802.11ax PCIe Adapter - 6001.10.356.1,876475,3864,180,1429,880519,Realtek RTL8852AE WiFi 6 802.11ax PCIe Adapter,6001.10.356.1,99.5
Intel(R) Dual Band Wireless-AC 7260 - 17.15.0.5,474885,2096,328,588,477309,Intel(R) Dual Band Wireless-AC 7260,17.15.0.5,99.5
Intel(R) Wireless-AC 9560 160MHz - 22.250.1.2,2136478,7907,2308,2720,2146693,Intel(R) Wireless-AC 9560 160MHz,22.250.1.2,99.5
Intel(R) Wi-Fi 6E AX211 160MHz - 23.70.0.6,1661862,5126,3982,1387,1670970,Intel(R) Wi-Fi 6E AX211 160MHz,23.70.0.6,99.5
Intel(R) Wi-Fi 6E AX211 160MHz - 23.50.0.6,794069,2086,2257,1705,798412,Intel(R) Wi-Fi 6E AX211 160MHz,23.50.0.6,99.5
Intel(R) Dual Band Wireless-AC 8260 - 22.110.0.2,3704651,11842,1893,4457,3718386,Intel(R) Dual Band Wireless-AC 8260,22.110.0.2,99.6
Intel(R) Wi-Fi 6E AX210 160MHz - 23.110.0.5,168711,570,148,383,169429,Intel(R) Wi-Fi 6E AX210 160MHz,23.110.0.5,99.6
Intel(R) Wi-Fi 6E AX211 160MHz - 22.180.0.4,17609,69,0,57,17678,Intel(R) Wi-Fi 6E AX211 160MHz,22.180.0.4,99.6
Intel(R) Wi-Fi 6 AX201 160MHz - 23.10.0.8,374715,1103,582,591,376400,Intel(R) Wi-Fi 6 AX201 160MHz,23.10.0.8,99.6
Intel(R) Wi-Fi 6 AX201 160MHz - 22.40.0.7,6967559,14013,13188,15301,6994760,Intel(R) Wi-Fi 6 AX201 160MHz,22.40.0.7,99.6
Intel(R) Wi-Fi 6 AX201 160MHz - 22.250.0.4,1709946,3213,4386,2308,1717545,Intel(R) Wi-Fi 6 AX201 160MHz,22.250.0.4,99.6
Intel(R) Wi-Fi 6 AX201 160MHz - 22.150.1.1,281655,845,303,407,282803,Intel(R) Wi-Fi 6 AX201 160MHz,22.150.1.1,99.6
Intel(R) Wireless-AC 9462 - 22.70.0.6,79634,243,44,76,79921,Intel(R) Wireless-AC 9462,22.70.0.6,99.6
Intel(R) Wi-Fi 6 AX201 160MHz - 22.20.0.6,838898,1984,1006,885,841888,Intel(R) Wi-Fi 6 AX201 160MHz,22.20.0.6,99.6
Intel(R) Dual Band Wireless-AC 8265 - 22.130.0.5,771673,2131,1043,967,774847,Intel(R) Dual Band Wireless-AC 8265,22.130.0.5,99.6
Intel(R) Wireless-AC 9260 160MHz - 23.110.0.5,11282,42,1,28,11325,Intel(R) Wireless-AC 9260 160MHz,23.110.0.5,99.6
Intel(R) Wi-Fi 6 AX200 160MHz - 22.150.1.1,415263,488,1136,485,416887,Intel(R) Wi-Fi 6 AX200 160MHz,22.150.1.1,99.6
Intel(R) Wi-Fi 6E AX211 160MHz - 23.120.0.3,188921,768,52,284,189741,Intel(R) Wi-Fi 6E AX211 160MHz,23.120.0.3,99.6
Intel(R) Dual Band Wireless-AC 8260 - 20.70.21.2,102758,182,243,176,103183,Intel(R) Dual Band Wireless-AC 8260,20.70.21.2,99.6
Intel(R) Dual Band Wireless-AC 8260 - 20.70.23.1,717920,2096,884,680,720900,Intel(R) Dual Band Wireless-AC 8260,20.70.23.1,99.6
Intel(R) Dual Band Wireless-AC 8260 - 20.10.0.6,67206,202,99,58,67507,Intel(R) Dual Band Wireless-AC 8260,20.10.0.6,99.6
"Wi-Fi  (0x14E4, 0x7BF) - 16.0 (1657)",12686,30,25,47,12741,"Wi-Fi  (0x14E4, 0x7BF)",16.0 (1657),99.6
Intel(R) Wi-Fi 6E AX211 160MHz - 22.250.0.4,1221641,4258,1009,1908,1226908,Intel(R) Wi-Fi 6E AX211 160MHz,22.250.0.4,99.6
Intel(R) Wi-Fi 6 AX200 160MHz - 23.60.1.2,4222460,12021,5504,5759,4239985,Intel(R) Wi-Fi 6 AX200 160MHz,23.60.1.2,99.6
Intel(R) Wi-Fi 6E AX211 160MHz - 23.10.0.8,437696,704,931,673,439331,Intel(R) Wi-Fi 6E AX211 160MHz,23.10.0.8,99.6
Intel(R) Wi-Fi 6 AX200 160MHz - 22.110.1.1,122610,324,203,195,123137,Intel(R) Wi-Fi 6 AX200 160MHz,22.110.1.1,99.6
Intel(R) Wi-Fi 6 AX200 160MHz - 23.30.0.6,580227,1090,1527,1245,582844,Intel(R) Wi-Fi 6 AX200 160MHz,23.30.0.6,99.6
Intel(R) Wi-Fi 6 AX200 160MHz - 21.50.1.1,25034,90,10,44,25134,Intel(R) Wi-Fi 6 AX200 160MHz,21.50.1.1,99.6
Intel(R) Wi-Fi 6 AX200 160MHz - 21.20.1.1,92845,419,0,114,93264,Intel(R) Wi-Fi 6 AX200 160MHz,21.20.1.1,99.6
Intel(R) Dual Band Wireless-AC 8265 - 20.50.0.5,33554,5,112,61,33671,Intel(R) Dual Band Wireless-AC 8265,20.50.0.5,99.7
Intel(R) Wi-Fi 6 AX201 160MHz - 22.90.0.5,329249,445,530,409,330224,Intel(R) Wi-Fi 6 AX201 160MHz,22.90.0.5,99.7
Intel(R) Wi-Fi 6E AX211 160MHz - 22.220.0.4,23630,64,0,54,23694,Intel(R) Wi-Fi 6E AX211 160MHz,22.220.0.4,99.7
Intel(R) Dual Band Wireless-AC 8265 - 20.70.4.2,4313407,10542,2464,4664,4326413,Intel(R) Dual Band Wireless-AC 8265,20.70.4.2,99.7
Intel(R) Wi-Fi 6 AX201 160MHz - 22.190.0.4,1437302,3672,1136,2627,1442110,Intel(R) Wi-Fi 6 AX201 160MHz,22.190.0.4,99.7
Intel(R) Dual Band Wireless-AC 8265 - 21.120.0.9,127884,145,221,136,128250,Intel(R) Dual Band Wireless-AC 8265,21.120.0.9,99.7
Intel(R) Wi-Fi 6 AX201 160MHz - 22.220.0.4,709347,1642,507,1233,711496,Intel(R) Wi-Fi 6 AX201 160MHz,22.220.0.4,99.7
Intel(R) Wireless-AC 9560 160MHz - 23.120.0.3,37695,125,0,36,37820,Intel(R) Wireless-AC 9560 160MHz,23.120.0.3,99.7
Intel(R) Wi-Fi 6 AX201 160MHz - 22.170.0.3,1088774,2219,583,1765,1091576,Intel(R) Wi-Fi 6 AX201 160MHz,22.170.0.3,99.7
Intel(R) Wi-Fi 6 AX200 160MHz - 22.80.1.1,15041,44,3,57,15088,Intel(R) Wi-Fi 6 AX200 160MHz,22.80.1.1,99.7
Intel(R) Wi-Fi 6 AX200 160MHz - 22.0.1.5,32600,90,3,50,32693,Intel(R) Wi-Fi 6 AX200 160MHz,22.0.1.5,99.7
Intel(R) Wi-Fi 6 AX200 160MHz - 23.80.1.3,77093,170,24,127,77287,Intel(R) Wi-Fi 6 AX200 160MHz,23.80.1.3,99.7
Intel(R) Wi-Fi 6 AX200 160MHz - 21.10.2.2,1335506,2486,1863,1463,1339855,Intel(R) Wi-Fi 6 AX200 160MHz,21.10.2.2,99.7
Intel(R) Wi-Fi 6E AX211 160MHz - 22.230.0.8,1693236,2921,2614,2898,1698771,Intel(R) Wi-Fi 6E AX211 160MHz,22.230.0.8,99.7
Intel(R) Dual Band Wireless-AC 3168 - 19.51.30.1,278922,379,566,344,279867,Intel(R) Dual Band Wireless-AC 3168,19.51.30.1,99.7
Intel(R) Dual Band Wireless-AC 7260 - 18.33.17.1,451263,472,728,522,452463,Intel(R) Dual Band Wireless-AC 7260,18.33.17.1,99.7
Qualcomm QCA61x4A 802.11ac Wireless Adapter - 12.0.0.926,198884,474,128,202,199486,Qualcomm QCA61x4A 802.11ac Wireless Adapter,12.0.0.926,99.7
Intel(R) Wireless-AC 9560 160MHz - 21.90.3.2,79802,35,190,126,80027,Intel(R) Wireless-AC 9560 160MHz,21.90.3.2,99.7
Intel(R) Wireless-AC 9560 160MHz - 22.240.0.6,463649,587,974,615,465210,Intel(R) Wireless-AC 9560 160MHz,22.240.0.6,99.7
Intel(R) Wi-Fi 6E AX210 160MHz - 22.250.1.2,25174,71,17,77,25262,Intel(R) Wi-Fi 6E AX210 160MHz,22.250.1.2,99.7
Intel(R) Wi-Fi 6E AX211 160MHz - 22.110.1.1,133100,189,263,189,133552,Intel(R) Wi-Fi 6E AX211 160MHz,22.110.1.1,99.7
Intel(R) Wi-Fi 6E AX211 160MHz - 23.70.2.3,210370,324,313,558,211007,Intel(R) Wi-Fi 6E AX211 160MHz,23.70.2.3,99.7
Intel(R) Wireless-AC 9260 160MHz - 21.50.1.1,148587,393,44,223,149024,Intel(R) Wireless-AC 9260 160MHz,21.50.1.1,99.7
Intel(R) Wi-Fi 6E AX211 160MHz - 23.80.1.3,127864,252,75,278,128191,Intel(R) Wi-Fi 6E AX211 160MHz,23.80.1.3,99.7
Intel(R) Dual Band Wireless-AC 8260 - 20.70.3.3,1512715,2540,1721,2068,1516976,Intel(R) Dual Band Wireless-AC 8260,20.70.3.3,99.7
Intel(R) Dual Band Wireless-AC 8260 - 20.70.24.1,25526,30,43,28,25599,Intel(R) Dual Band Wireless-AC 8260,20.70.24.1,99.7
TP-Link Wireless USB Adapter - 5001.19.113.2,13326,25,5,14,13356,TP-Link Wireless USB Adapter,5001.19.113.2,99.8
Realtek RTL8852BE WiFi 6 802.11ax PCIe Adapter - 6001.15.149.100,3980782,5619,1886,5809,3988287,Realtek RTL8852BE WiFi 6 802.11ax PCIe Adapter,6001.15.149.100,99.8
Intel(R) Dual Band Wireless-AC 7260 - 18.33.14.3,134485,80,142,158,134707,Intel(R) Dual Band Wireless-AC 7260,18.33.14.3,99.8
Intel(R) Dual Band Wireless-AC 3168 - 19.51.21.1,767601,1611,139,897,769351,Intel(R) Dual Band Wireless-AC 3168,19.51.21.1,99.8
Intel(R) Dual Band Wireless-AC 3165 - 22.130.0.5,102616,56,174,132,102846,Intel(R) Dual Band Wireless-AC 3165,22.130.0.5,99.8
Realtek RTL8852BE WiFi 6 802.11ax PCIe Adapter - 6001.15.145.600,31255,53,21,91,31329,Realtek RTL8852BE WiFi 6 802.11ax PCIe Adapter,6001.15.145.600,99.8
Realtek RTL8852BE WiFi 6 802.11ax PCIe Adapter - 6001.15.135.0,189029,206,109,455,189344,Realtek RTL8852BE WiFi 6 802.11ax PCIe Adapter,6001.15.135.0,99.8
Realtek RTL8852BE WiFi 6 802.11ax PCIe Adapter - 6001.15.131.0,482231,1083,90,730,483404,Realtek RTL8852BE WiFi 6 802.11ax PCIe Adapter,6001.15.131.0,99.8
Intel(R) Wireless-AC 9462 - 22.250.1.2,20812,8,35,22,20855,Intel(R) Wireless-AC 9462,22.250.1.2,99.8
Intel(R) Wireless-AC 9560 160MHz - 21.20.1.1,10135180,11109,10343,13588,10156632,Intel(R) Wireless-AC 9560 160MHz,21.20.1.1,99.8
Intel(R) Wi-Fi 6E AX210 160MHz - 23.90.1.3,127181,241,65,183,127487,Intel(R) Wi-Fi 6E AX210 160MHz,23.90.1.3,99.8
Intel(R) Wi-Fi 6E AX210 160MHz - 23.90.0.2,526979,628,463,872,528070,Intel(R) Wi-Fi 6E AX210 160MHz,23.90.0.2,99.8
Intel(R) Wi-Fi 6E AX210 160MHz - 23.40.0.4,73138,77,56,140,73271,Intel(R) Wi-Fi 6E AX210 160MHz,23.40.0.4,99.8
Intel(R) Wireless-AC 9260 160MHz - 22.90.0.5,2123125,2212,1297,2410,2126634,Intel(R) Wireless-AC 9260 160MHz,22.90.0.5,99.8
Intel(R) Wireless-AC 9260 160MHz - 22.30.0.11,292666,435,169,341,293270,Intel(R) Wireless-AC 9260 160MHz,22.30.0.11,99.8
Intel(R) Wireless-AC 9260 160MHz - 22.250.1.2,683757,954,423,827,685134,Intel(R) Wireless-AC 9260 160MHz,22.250.1.2,99.8
Intel(R) Wireless-AC 9260 160MHz - 22.220.0.4,329903,407,147,358,330457,Intel(R) Wireless-AC 9260 160MHz,22.220.0.4,99.8
Intel(R) Wi-Fi 6 AX201 160MHz - 23.80.1.3,174781,363,70,371,175214,Intel(R) Wi-Fi 6 AX201 160MHz,23.80.1.3,99.8
Intel(R) Wi-Fi 6 AX201 160MHz - 23.120.0.3,111020,59,134,175,111213,Intel(R) Wi-Fi 6 AX201 160MHz,23.120.0.3,99.8
Intel(R) Wi-Fi 6 AX201 160MHz - 22.60.0.6,93391,170,30,236,93591,Intel(R) Wi-Fi 6 AX201 160MHz,22.60.0.6,99.8
Intel(R) Wireless-AC 9560 160MHz - 23.80.0.7,2500255,3089,914,4755,2504258,Intel(R) Wireless-AC 9560 160MHz,23.80.0.7,99.8
Intel(R) Wireless-AC 9560 160MHz - 23.60.1.2,12401883,18572,6330,15261,12426785,Intel(R) Wireless-AC 9560 160MHz,23.60.1.2,99.8
Intel(R) Wireless-AC 9560 160MHz - 23.40.0.4,2254196,3528,1357,2425,2259081,Intel(R) Wireless-AC 9560 160MHz,23.40.0.4,99.8
Intel(R) Wi-Fi 6 AX201 160MHz - 22.0.1.1,1184401,1659,1075,2556,1187135,Intel(R) Wi-Fi 6 AX201 160MHz,22.0.1.1,99.8
Intel(R) Wi-Fi 6 AX201 160MHz - 22.0.0.6,1626878,1941,656,1714,1629475,Intel(R) Wi-Fi 6 AX201 160MHz,22.0.0.6,99.8
Intel(R) Wi-Fi 6 AX201 160MHz - 21.80.2.1,380405,413,216,1207,381034,Intel(R) Wi-Fi 6 AX201 160MHz,21.80.2.1,99.8
Intel(R) Wi-Fi 6 AX201 160MHz - 21.80.0.4,63994,66,41,68,64101,Intel(R) Wi-Fi 6 AX201 160MHz,21.80.0.4,99.8
Intel(R) Wireless-AC 9560 160MHz - 23.90.1.3,28258,45,20,61,28323,Intel(R) Wireless-AC 9560 160MHz,23.90.1.3,99.8
MediaTek MT7921 Wi-Fi 6 802.11ax PCIe Adapter - 3.0.1.1327,41012,60,33,213,41105,MediaTek MT7921 Wi-Fi 6 802.11ax PCIe Adapter,3.0.1.1327,99.8
Marvell AVASTAR Wireless-AC Network Controller - 15.68.17022.122,278080,450,195,646,278725,Marvell AVASTAR Wireless-AC Network Controller,15.68.17022.122,99.8
Intel(R) Wi-Fi 6E AX211 160MHz - 23.100.0.4,214549,408,37,371,214994,Intel(R) Wi-Fi 6E AX211 160MHz,23.100.0.4,99.8
Intel(R) Wireless-AC 9260 160MHz - 23.10.0.8,22202,18,35,30,22255,Intel(R) Wireless-AC 9260 160MHz,23.10.0.8,99.8
Intel(R) Wi-Fi 6 AX200 160MHz - 22.220.0.4,56039,19,115,74,56173,Intel(R) Wi-Fi 6 AX200 160MHz,22.220.0.4,99.8
Intel(R) Wi-Fi 6 AX200 160MHz - 22.140.0.3,67721,120,1,110,67842,Intel(R) Wi-Fi 6 AX200 160MHz,22.140.0.3,99.8
Intel(R) Wi-Fi 6 AX200 160MHz - 21.80.2.1,18635,4,30,34,18669,Intel(R) Wi-Fi 6 AX200 160MHz,21.80.2.1,99.8
Intel(R) Wi-Fi 6 AX200 160MHz - 21.120.0.9,228745,293,146,557,229184,Intel(R) Wi-Fi 6 AX200 160MHz,21.120.0.9,99.8
Intel(R) Dual Band Wireless-AC 8265 - 20.70.30.1,3162720,4423,2989,4945,3170132,Intel(R) Dual Band Wireless-AC 8265,20.70.30.1,99.8
Intel(R) Dual Band Wireless-AC 8265 - 20.70.26.2,65955,71,33,226,66059,Intel(R) Dual Band Wireless-AC 8265,20.70.26.2,99.8
Intel(R) Dual Band Wireless-AC 8265 - 20.70.19.1,54304,57,25,73,54386,Intel(R) Dual Band Wireless-AC 8265,20.70.19.1,99.8
Qualcomm QCA61x4A 802.11ac Wireless Adapter - 12.0.0.1118,1310239,1702,1566,1617,1313507,Qualcomm QCA61x4A 802.11ac Wireless Adapter,12.0.0.1118,99.8
Intel(R) Dual Band Wireless-AC 8260 - 22.60.0.6,50997,100,0,62,51097,Intel(R) Dual Band Wireless-AC 8260,22.60.0.6,99.8
Intel(R) Dual Band Wireless-AC 8260 - 20.70.30.1,1640166,2136,681,2173,1642983,Intel(R) Dual Band Wireless-AC 8260,20.70.30.1,99.8
Intel(R) Wireless-AC 9260 160MHz - 22.170.0.3,1012625,1825,557,1157,1015007,Intel(R) Wireless-AC 9260 160MHz,22.170.0.3,99.8
Intel(R) Wireless-AC 9260 160MHz - 21.110.1.1,337398,379,150,748,337927,Intel(R) Wireless-AC 9260 160MHz,21.110.1.1,99.8
Intel(R) Dual Band Wireless-AC 8260 - 20.70.25.2,452458,432,678,575,453568,Intel(R) Dual Band Wireless-AC 8260,20.70.25.2,99.8
Intel(R) Dual Band Wireless-AC 7265 - 19.51.15.3,968167,1133,414,1092,969714,Intel(R) Dual Band Wireless-AC 7265,19.51.15.3,99.8
Intel(R) Dual Band Wireless-AC 3160 - 18.33.17.1,168249,72,137,171,168458,Intel(R) Dual Band Wireless-AC 3160,18.33.17.1,99.9
Intel(R) Wi-Fi 7 BE200 320MHz - 23.70.3.1,20065,2,9,29,20076,Intel(R) Wi-Fi 7 BE200 320MHz,23.70.3.1,99.9
Intel(R) Wi-Fi 7 BE200 320MHz - 23.60.1.2,47392,32,2,96,47426,Intel(R) Wi-Fi 7 BE200 320MHz,23.60.1.2,99.9
Intel(R) Wi-Fi 6E AX211 160MHz - 22.100.1.1,265066,203,131,310,265400,Intel(R) Wi-Fi 6E AX211 160MHz,22.100.1.1,99.9
Intel(R) Wireless-AC 9260 160MHz - 23.100.0.4,108049,63,3,122,108115,Intel(R) Wireless-AC 9260 160MHz,23.100.0.4,99.9
Intel(R) Wireless-AC 9260 160MHz - 23.50.0.6,787026,407,170,913,787603,Intel(R) Wireless-AC 9260 160MHz,23.50.0.6,99.9
Intel(R) Wireless-AC 9560 160MHz - 20.110.0.3,61035,34,5,83,61074,Intel(R) Wireless-AC 9560 160MHz,20.110.0.3,99.9
Intel(R) Wireless-AC 9560 160MHz - 21.110.3.2,121084,1,147,115,121232,Intel(R) Wireless-AC 9560 160MHz,21.110.3.2,99.9
Intel(R) Wireless-AC 9260 160MHz - 23.60.1.2,43748,19,10,97,43777,Intel(R) Wireless-AC 9260 160MHz,23.60.1.2,99.9
Intel(R) Wi-Fi 6 AX201 160MHz - 23.100.0.4,444430,443,178,535,445051,Intel(R) Wi-Fi 6 AX201 160MHz,23.100.0.4,99.9
Intel(R) Wi-Fi 6 AX201 160MHz - 22.80.0.9,77743,81,25,148,77849,Intel(R) Wi-Fi 6 AX201 160MHz,22.80.0.9,99.9
Intel(R) Wireless-AC 9560 160MHz - 23.20.0.4,44133,17,10,89,44160,Intel(R) Wireless-AC 9560 160MHz,23.20.0.4,99.9
Intel(R) Wireless-AC 9560 160MHz - 22.220.0.4,226727,14,111,382,226852,Intel(R) Wireless-AC 9560 160MHz,22.220.0.4,99.9
Intel(R) Wireless-AC 9560 160MHz - 22.130.0.5,108939,93,4,168,109036,Intel(R) Wireless-AC 9560 160MHz,22.130.0.5,99.9
Intel(R) Wireless-AC 9560 160MHz - 22.120.0.3,99489,43,15,154,99547,Intel(R) Wireless-AC 9560 160MHz,22.120.0.3,99.9
Intel(R) Wireless-AC 9560 160MHz - 22.10.0.7,321783,83,117,421,321983,Intel(R) Wireless-AC 9560 160MHz,22.10.0.7,99.9
Intel(R) Wireless-AC 9560 160MHz - 22.30.0.11,243170,277,45,363,243492,Intel(R) Wireless-AC 9560 160MHz,22.30.0.11,99.9
Intel(R) Wireless-AC 9560 160MHz - 22.250.10.1,78249,26,56,142,78331,Intel(R) Wireless-AC 9560 160MHz,22.250.10.1,99.9
Intel(R) Wireless-AC 9560 160MHz - 21.80.2.1,209281,245,67,404,209593,Intel(R) Wireless-AC 9560 160MHz,21.80.2.1,99.9
Intel(R) Wireless-AC 9560 160MHz - 22.140.0.3,178769,130,17,250,178916,Intel(R) Wireless-AC 9560 160MHz,22.140.0.3,99.9
Intel(R) Wireless-AC 9560 160MHz - 22.160.0.4,3647572,3023,235,4773,3650830,Intel(R) Wireless-AC 9560 160MHz,22.160.0.4,99.9
Intel(R) Wi-Fi 6E AX210 160MHz - 23.120.0.3,34161,18,2,46,34181,Intel(R) Wi-Fi 6E AX210 160MHz,23.120.0.3,99.9
Intel(R) Wireless-AC 9560 160MHz - 21.110.1.1,683634,178,730,944,684542,Intel(R) Wireless-AC 9560 160MHz,21.110.1.1,99.9
Intel(R) Wireless-AC 9560 160MHz - 21.110.2.1,36772,17,2,81,36791,Intel(R) Wireless-AC 9560 160MHz,21.110.2.1,99.9
Intel(R) Wireless-AC 9560 160MHz - 23.40.1.1,275869,196,20,512,276085,Intel(R) Wireless-AC 9560 160MHz,23.40.1.1,99.9
Intel(R) Wireless-AC 9560 160MHz - 23.30.0.6,627969,685,173,1136,628827,Intel(R) Wireless-AC 9560 160MHz,23.30.0.6,99.9
Intel(R) Wi-Fi 6E AX210 160MHz - 22.130.0.5,18722,15,1,26,18738,Intel(R) Wi-Fi 6E AX210 160MHz,22.130.0.5,99.9
Intel(R) Dual Band Wireless-AC 8260 - 20.70.5.2,140704,30,110,157,140844,Intel(R) Dual Band Wireless-AC 8260,20.70.5.2,99.9
Intel(R) Dual Band Wireless-AC 7265 - 19.50.1.6,29219,18,22,40,29259,Intel(R) Dual Band Wireless-AC 7265,19.50.1.6,99.9
Realtek RTL8852BE WiFi 6 802.11ax PCIe Adapter - 6001.15.124.0,11779,8,2,24,11789,Realtek RTL8852BE WiFi 6 802.11ax PCIe Adapter,6001.15.124.0,99.9
Realtek RTL8852BE WiFi 6 802.11ax PCIe Adapter - 6001.15.123.322,17009,14,0,25,17023,Realtek RTL8852BE WiFi 6 802.11ax PCIe Adapter,6001.15.123.322,99.9
Intel(R) Dual Band Wireless-AC 8265 - 22.30.0.11,170381,5,124,245,170510,Intel(R) Dual Band Wireless-AC 8265,22.30.0.11,99.9
Intel(R) Dual Band Wireless-AC 8265 - 20.70.12.5,143267,48,30,182,143345,Intel(R) Dual Band Wireless-AC 8265,20.70.12.5,99.9
Intel(R) Dual Band Wireless-AC 8265 - 20.70.5.2,189151,147,4,195,189302,Intel(R) Dual Band Wireless-AC 8265,20.70.5.2,99.9
Intel(R) Wi-Fi 6 AX200 160MHz - 22.160.0.4,97087,17,32,105,97136,Intel(R) Wi-Fi 6 AX200 160MHz,22.160.0.4,99.9
Intel(R) Wi-Fi 6 AX200 160MHz - 22.0.1.1,15708,12,10,41,15730,Intel(R) Wi-Fi 6 AX200 160MHz,22.0.1.1,99.9
MediaTek Wi-Fi 6E MT7922 (RZ616) 160MHz PCIe Adapter - 3.4.0.1088,86299,40,7,240,86346,MediaTek Wi-Fi 6E MT7922 (RZ616) 160MHz PCIe Adapter,3.4.0.1088,99.9
Intel(R) Wi-Fi 6 AX200 160MHz - 21.40.2.2,88377,33,25,157,88435,Intel(R) Wi-Fi 6 AX200 160MHz,21.40.2.2,99.9
Intel(R) Wi-Fi 6 AX200 160MHz - 22.230.0.8,329652,171,25,452,329848,Intel(R) Wi-Fi 6 AX200 160MHz,22.230.0.8,99.9
Intel(R) Wi-Fi 6 AX200 160MHz - 22.200.0.6,146839,67,64,187,146970,Intel(R) Wi-Fi 6 AX200 160MHz,22.200.0.6,99.9
Intel(R) Wi-Fi 6 AX200 160MHz - 22.190.0.4,293082,289,107,313,293478,Intel(R) Wi-Fi 6 AX200 160MHz,22.190.0.4,99.9
Intel(R) Wi-Fi 6 AX200 160MHz - 22.250.10.1,69513,64,1,85,69578,Intel(R) Wi-Fi 6 AX200 160MHz,22.250.10.1,99.9
MediaTek MT7921 Wi-Fi 6 802.11ax PCIe Adapter - 3.0.1.1255,23128,15,16,157,23159,MediaTek MT7921 Wi-Fi 6 802.11ax PCIe Adapter,3.0.1.1255,99.9
Intel(R) Wi-Fi 6 AX200 160MHz - 23.70.2.3,18710,0,11,20,18721,Intel(R) Wi-Fi 6 AX200 160MHz,23.70.2.3,99.9
Intel(R) Wireless-AC 9560 160MHz - 23.90.0.2,4925727,4589,1578,5803,4931894,Intel(R) Wireless-AC 9560 160MHz,23.90.0.2,99.9
Killer Wireless-n/a/ac 1535 Wireless Network Adapter - 12.0.0.1118,10691,6,3,52,10700,Killer Wireless-n/a/ac 1535 Wireless Network Adapter,12.0.0.1118,99.9
Killer(R) Wi-Fi 6 AX1650s 160MHz Wireless Network Adapter (201D2W) - 22.250.0.4,58781,52,9,96,58842,Killer(R) Wi-Fi 6 AX1650s 160MHz Wireless Network Adapter (201D2W),22.250.0.4,99.9
Killer(R) Wi-Fi 6 AX1650x 160MHz Wireless Network Adapter (200NGW) - 23.90.0.2,24132,31,1,55,24164,Killer(R) Wi-Fi 6 AX1650x 160MHz Wireless Network Adapter (200NGW),23.90.0.2,99.9
Qualcomm QCA61x4A 802.11ac Wireless Adapter - 12.0.0.1272,661233,344,23,790,661600,Qualcomm QCA61x4A 802.11ac Wireless Adapter,12.0.0.1272,99.9
Qualcomm FastConnect 6900 Wi-Fi 6E Dual Band Simultaneous (DBS) WiFiCx Network Adapter - 2.0.0.1277,28675,18,0,53,28693,Qualcomm FastConnect 6900 Wi-Fi 6E Dual Band Simultaneous (DBS) WiFiCx Network Adapter,2.0.0.1277,99.9
Qualcomm FastConnect 6900 Wi-Fi 6E Dual Band Simultaneous (DBS) WiFiCx Network Adapter - 2.0.0.1229,196281,115,4,268,196400,Qualcomm FastConnect 6900 Wi-Fi 6E Dual Band Simultaneous (DBS) WiFiCx Network Adapter,2.0.0.1229,99.9
Qualcomm FastConnect 6900 Wi-Fi 6E Dual Band Simultaneous (DBS) WDI Network Adapter - 1.0.0.1694,256739,182,41,398,256962,Qualcomm FastConnect 6900 Wi-Fi 6E Dual Band Simultaneous (DBS) WDI Network Adapter,1.0.0.1694,99.9
Realtek 8812BU Wireless LAN 802.11ac USB NIC - 1030.38.712.2019,63346,83,0,68,63429,Realtek 8812BU Wireless LAN 802.11ac USB NIC,1030.38.712.2019,99.9
Realtek RTL8852BE WiFi 6 802.11ax PCIe Adapter - 6001.15.128.0,82369,61,12,182,82442,Realtek RTL8852BE WiFi 6 802.11ax PCIe Adapter,6001.15.128.0,99.9
Intel(R) Dual Band Wireless-AC 8260 - 20.70.12.5,181818,137,59,193,182014,Intel(R) Dual Band Wireless-AC 8260,20.70.12.5,99.9
Intel(R) Wireless-AC 9560 - 20.40.0.4,19167,2,4,18,19173,Intel(R) Wireless-AC 9560,20.40.0.4,100.0
Intel(R) Wireless-AC 9260 160MHz - 23.80.0.7,136357,15,20,219,136392,Intel(R) Wireless-AC 9260 160MHz,23.80.0.7,100.0
Intel(R) Wireless-AC 9560 - 20.30.4.1,102720,44,0,141,102764,Intel(R) Wireless-AC 9560,20.30.4.1,100.0
Intel(R) Wireless-AC 9462 - 23.60.1.2,40025,0,2,38,40027,Intel(R) Wireless-AC 9462,23.60.1.2,100.0
Intel(R) Wireless-AC 9560 160MHz - 21.50.1.1,308369,52,47,417,308468,Intel(R) Wireless-AC 9560 160MHz,21.50.1.1,100.0
Intel(R) Wireless-AC 9560 160MHz - 21.70.0.6,67356,3,6,106,67365,Intel(R) Wireless-AC 9560 160MHz,21.70.0.6,100.0
Intel(R) Wireless-AC 9260 160MHz - 23.20.1.1,32457,0,0,40,32457,Intel(R) Wireless-AC 9260 160MHz,23.20.1.1,100.0
Intel(R) Wireless-AC 9260 160MHz - 23.120.0.3,17963,0,0,23,17963,Intel(R) Wireless-AC 9260 160MHz,23.120.0.3,100.0
Intel(R) Wireless-AC 9260 160MHz - 22.240.0.6,100138,13,3,111,100154,Intel(R) Wireless-AC 9260 160MHz,22.240.0.6,100.0
Intel(R) Wi-Fi 6E AX211 160MHz - 22.150.0.3,14239,0,0,55,14239,Intel(R) Wi-Fi 6E AX211 160MHz,22.150.0.3,100.0
Intel(R) Wireless-AC 9260 160MHz - 22.180.0.4,89451,2,10,166,89463,Intel(R) Wireless-AC 9260 160MHz,22.180.0.4,100.0
Intel(R) Wi-Fi 6E AX211 160MHz - 22.150.3.1,10661,0,0,57,10661,Intel(R) Wi-Fi 6E AX211 160MHz,22.150.3.1,100.0
Intel(R) Wireless-AC 9560 160MHz - 22.150.1.1,154357,4,44,207,154405,Intel(R) Wireless-AC 9560 160MHz,22.150.1.1,100.0
Intel(R) Wi-Fi 6E AX210 160MHz - 23.20.1.1,13529,3,1,58,13533,Intel(R) Wi-Fi 6E AX210 160MHz,23.20.1.1,100.0
Intel(R) Wireless-AC 9560 160MHz - 20.100.0.4,108823,0,0,125,108823,Intel(R) Wireless-AC 9560 160MHz,20.100.0.4,100.0
Intel(R) Wireless-AC 9560 - 20.90.0.7,35076,0,0,28,35076,Intel(R) Wireless-AC 9560,20.90.0.7,100.0
Intel(R) Wireless-AC 9560 160MHz - 21.120.0.9,96645,12,9,193,96666,Intel(R) Wireless-AC 9560 160MHz,21.120.0.9,100.0
Intel(R) Wireless-AC 9560 160MHz - 21.30.3.2,442801,201,10,419,443012,Intel(R) Wireless-AC 9560 160MHz,21.30.3.2,100.0
Intel(R) Wireless-AC 9560 160MHz - 21.40.1.4,34702,14,2,44,34718,Intel(R) Wireless-AC 9560 160MHz,21.40.1.4,100.0
Intel(R) Wireless-AC 9560 160MHz - 21.40.2.2,139802,18,7,404,139827,Intel(R) Wireless-AC 9560 160MHz,21.40.2.2,100.0
Intel(R) Wireless-AC 9260 160MHz - 20.120.0.100,55058,0,0,64,55058,Intel(R) Wireless-AC 9260 160MHz,20.120.0.100,100.0
Intel(R) Wireless-AC 9260 160MHz - 22.40.0.7,103042,7,2,149,103051,Intel(R) Wireless-AC 9260 160MHz,22.40.0.7,100.0
Intel(R) Wi-Fi 7 BE200 320MHz - 23.40.2.1,27946,0,0,20,27946,Intel(R) Wi-Fi 7 BE200 320MHz,23.40.2.1,100.0
Intel(R) Wireless-AC 9260 - 20.70.0.100,47531,0,0,105,47531,Intel(R) Wireless-AC 9260,20.70.0.100,100.0
Intel(R) Wi-Fi 7 BE200 320MHz - 23.90.0.2,53301,7,0,86,53308,Intel(R) Wi-Fi 7 BE200 320MHz,23.90.0.2,100.0
Intel(R) Dual Band Wireless-AC 7260 - 18.33.15.1,83189,0,0,84,83189,Intel(R) Dual Band Wireless-AC 7260,18.33.15.1,100.0
Realtek RTL8852BE WiFi 6 802.11ax PCIe Adapter - 6001.15.149.0,81399,14,14,146,81427,Realtek RTL8852BE WiFi 6 802.11ax PCIe Adapter,6001.15.149.0,100.0
Intel(R) Wireless-AC 9260 160MHz - 22.160.0.4,56281,11,2,63,56294,Intel(R) Wireless-AC 9260 160MHz,22.160.0.4,100.0
Intel(R) Centrino(R) Ultimate-N 6300 AGN - 15.18.0.1,59597,0,0,65,59597,Intel(R) Centrino(R) Ultimate-N 6300 AGN,15.18.0.1,100.0
Intel(R) Wireless-AC 9260 160MHz - 22.120.0.3,116833,29,17,164,116879,Intel(R) Wireless-AC 9260 160MHz,22.120.0.3,100.0
Intel(R) Wireless-AC 9260 160MHz - 22.130.0.5,34662,0,0,36,34662,Intel(R) Wireless-AC 9260 160MHz,22.130.0.5,100.0
Intel(R) Wireless-AC 9260 160MHz - 21.60.0.5,54452,0,0,60,54452,Intel(R) Wireless-AC 9260 160MHz,21.60.0.5,100.0
Intel(R) Dual Band Wireless-AC 3168 - 19.51.40.1,91902,7,5,108,91914,Intel(R) Dual Band Wireless-AC 3168,19.51.40.1,100.0
Realtek RTL8852BE WiFi 6 802.11ax PCIe Adapter - 6001.15.152.0,1021783,389,40,2011,1022212,Realtek RTL8852BE WiFi 6 802.11ax PCIe Adapter,6001.15.152.0,100.0
Killer(R) Wi-Fi 6E AX1675x 160MHz Wireless Network Adapter (210NGW) - 22.70.0.6,66973,0,2,62,66975,Killer(R) Wi-Fi 6E AX1675x 160MHz Wireless Network Adapter (210NGW),22.70.0.6,100.0
Intel(R) Wi-Fi 6 AX201 160MHz - 21.60.2.1,56003,0,15,62,56018,Intel(R) Wi-Fi 6 AX201 160MHz,21.60.2.1,100.0
Intel(R) Wi-Fi 6 AX201 160MHz - 21.70.0.6,113617,21,14,146,113652,Intel(R) Wi-Fi 6 AX201 160MHz,21.70.0.6,100.0
Intel(R) Wireless-AC 9560 160MHz - 23.10.0.8,97109,10,3,116,97122,Intel(R) Wireless-AC 9560 160MHz,23.10.0.8,100.0
Intel(R) Wireless-AC 9560 160MHz - 23.110.0.5,54617,8,4,99,54629,Intel(R) Wireless-AC 9560 160MHz,23.110.0.5,100.0
Intel(R) Wireless-AC 9560 160MHz - 23.50.0.6,27283,9,3,34,27295,Intel(R) Wireless-AC 9560 160MHz,23.50.0.6,100.0
Intel(R) Wireless-AC 9560 160MHz - 23.70.4.1,52231,6,0,66,52237,Intel(R) Wireless-AC 9560 160MHz,23.70.4.1,100.0
Intel(R) Wi-Fi 6E AX210 160MHz - 22.0.1.5,156943,0,0,158,156943,Intel(R) Wi-Fi 6E AX210 160MHz,22.0.1.5,100.0
Intel(R) Wi-Fi 6E AX210 160MHz - 22.100.0.3,12986,0,2,25,12988,Intel(R) Wi-Fi 6E AX210 160MHz,22.100.0.3,100.0
Intel(R) Wi-Fi 6E AX210 160MHz - 22.110.1.1,42024,0,0,45,42024,Intel(R) Wi-Fi 6E AX210 160MHz,22.110.1.1,100.0
Intel(R) Wi-Fi 6 AX201 160MHz - 22.50.1.1,34230,11,3,79,34244,Intel(R) Wi-Fi 6 AX201 160MHz,22.50.1.1,100.0
Intel(R) Wireless-AC 9560 160MHz - 22.200.2.1,451340,99,37,638,451476,Intel(R) Wireless-AC 9560 160MHz,22.200.2.1,100.0
Intel(R) Wireless-AC 9560 160MHz - 22.190.0.4,27599,0,0,60,27599,Intel(R) Wireless-AC 9560 160MHz,22.190.0.4,100.0
Intel(R) Wi-Fi 6E AX210 160MHz - 22.170.2.1,19083,0,0,23,19083,Intel(R) Wi-Fi 6E AX210 160MHz,22.170.2.1,100.0
Intel(R) Wireless-AC 9560 160MHz - 21.10.0.5,108602,16,15,288,108633,Intel(R) Wireless-AC 9560 160MHz,21.10.0.5,100.0
Intel(R) Wireless-AC 9560 160MHz - 21.0.1.1,191867,4,6,161,191877,Intel(R) Wireless-AC 9560 160MHz,21.0.1.1,100.0
Intel(R) Wireless-AC 9560 160MHz - 21.0.0.5,194590,38,31,219,194659,Intel(R) Wireless-AC 9560 160MHz,21.0.0.5,100.0
Intel(R) Wireless-AC 9560 160MHz - 21.90.1.2,262466,48,9,198,262523,Intel(R) Wireless-AC 9560 160MHz,21.90.1.2,100.0
Intel(R) Wireless-AC 9560 160MHz - 22.100.0.3,25800,4,4,28,25808,Intel(R) Wireless-AC 9560 160MHz,22.100.0.3,100.0
Intel(R) Wireless-AC 9560 160MHz - 21.80.2.3,10450,1,0,29,10451,Intel(R) Wireless-AC 9560 160MHz,21.80.2.3,100.0
Intel(R) Wireless-AC 9560 160MHz - 22.70.0.6,75627,2,8,80,75637,Intel(R) Wireless-AC 9560 160MHz,22.70.0.6,100.0
Intel(R) Wireless-AC 9560 160MHz - 22.80.1.1,94660,0,0,84,94660,Intel(R) Wireless-AC 9560 160MHz,22.80.1.1,100.0
Intel(R) Wireless-AC 9560 160MHz - 22.40.0.7,171144,64,17,353,171225,Intel(R) Wireless-AC 9560 160MHz,22.40.0.7,100.0
Intel(R) Wireless-AC 9560 160MHz - 22.50.0.7,1542699,280,41,1933,1543020,Intel(R) Wireless-AC 9560 160MHz,22.50.0.7,100.0
Intel(R) Wireless-AC 9560 160MHz - 21.10.2.2,61884,15,3,112,61902,Intel(R) Wireless-AC 9560 160MHz,21.10.2.2,100.0
Intel(R) Wireless-AC 9560 160MHz - 21.10.1.2,546747,4,0,428,546751,Intel(R) Wireless-AC 9560 160MHz,21.10.1.2,100.0
Intel(R) Wi-Fi 6E AX210 160MHz - 22.70.0.6,15504,0,0,18,15504,Intel(R) Wi-Fi 6E AX210 160MHz,22.70.0.6,100.0
Intel(R) Wi-Fi 6 AX200 160MHz - 22.30.0.11,67098,4,9,145,67111,Intel(R) Wi-Fi 6 AX200 160MHz,22.30.0.11,100.0
Intel(R) Wi-Fi 6 AX200 160MHz - 21.60.2.1,26239,2,0,44,26241,Intel(R) Wi-Fi 6 AX200 160MHz,21.60.2.1,100.0
Intel(R) Wi-Fi 6 AX200 160MHz - 21.30.4.1,13010,5,1,12,13016,Intel(R) Wi-Fi 6 AX200 160MHz,21.30.4.1,100.0
Intel(R) Wi-Fi 6 AX200 160MHz - 21.10.1.2,46266,2,2,38,46270,Intel(R) Wi-Fi 6 AX200 160MHz,21.10.1.2,100.0
MediaTek Wi-Fi 6E MT7922 (RZ616) 160MHz PCIe Adapter - 3.3.0.1030,17888,3,0,55,17891,MediaTek Wi-Fi 6E MT7922 (RZ616) 160MHz PCIe Adapter,3.3.0.1030,100.0
Intel(R) Wi-Fi 6 AX200 160MHz - 22.10.0.7,66566,8,3,95,66577,Intel(R) Wi-Fi 6 AX200 160MHz,22.10.0.7,100.0
Killer(R) Wi-Fi 6E AX1675x 160MHz Wireless Network Adapter (210NGW) - 23.60.1.2,13719,0,2,14,13721,Killer(R) Wi-Fi 6E AX1675x 160MHz Wireless Network Adapter (210NGW),23.60.1.2,100.0
MediaTek Wi-Fi 6 MT7921 Wireless LAN Card - 22.30.1.1339,10921,1,1,35,10923,MediaTek Wi-Fi 6 MT7921 Wireless LAN Card,22.30.1.1339,100.0
Intel(R) Wi-Fi 6 AX201 160MHz - 21.110.3.2,59670,2,1,67,59673,Intel(R) Wi-Fi 6 AX201 160MHz,21.110.3.2,100.0
MediaTek MT7921 Wi-Fi 6 802.11ax PCIe Adapter - 3.0.1.1216,36106,0,0,32,36106,MediaTek MT7921 Wi-Fi 6 802.11ax PCIe Adapter,3.0.1.1216,100.0
Intel(R) Wi-Fi 6 AX201 160MHz #2 - 23.80.0.7,29695,0,0,48,29695,Intel(R) Wi-Fi 6 AX201 160MHz #2,23.80.0.7,100.0
Intel(R) Dual Band Wireless-AC 8265 - 20.30.1.2,23761,4,0,29,23765,Intel(R) Dual Band Wireless-AC 8265,20.30.1.2,100.0
Intel(R) Dual Band Wireless-AC 8265 - 20.50.0.4,14221,0,0,40,14221,Intel(R) Dual Band Wireless-AC 8265,20.50.0.4,100.0
Intel(R) Dual Band Wireless-AC 8265 - 20.70.10.2,20220,2,5,25,20227,Intel(R) Dual Band Wireless-AC 8265,20.70.10.2,100.0
Intel(R) Dual Band Wireless-AC 8265 - 20.70.11.3,161852,8,14,222,161874,Intel(R) Dual Band Wireless-AC 8265,20.70.11.3,100.0
Intel(R) Dual Band Wireless-AC 8265 - 20.70.8.1,48535,5,0,77,48540,Intel(R) Dual Band Wireless-AC 8265,20.70.8.1,100.0
Intel(R) Dual Band Wireless-AC 8265 - 20.70.9.1,34065,0,0,52,34065,Intel(R) Dual Band Wireless-AC 8265,20.70.9.1,100.0
Intel(R) Dual Band Wireless-AC 8265 - 22.0.1.1,52091,2,3,68,52096,Intel(R) Dual Band Wireless-AC 8265,22.0.1.1,100.0
NETGEAR WNA3100 N300 Wireless USB Adapter - 5.100.148.5,11700,0,0,23,11700,NETGEAR WNA3100 N300 Wireless USB Adapter,5.100.148.5,100.0
Qualcomm Atheros AR946x Wireless Network Adapter - 3.0.2.201,35591,0,0,35,35591,Qualcomm Atheros AR946x Wireless Network Adapter,3.0.2.201,100.0
RZ616 Wi-Fi 6E 160MHz - 3.3.0.908,56907,0,0,47,56907,RZ616 Wi-Fi 6E 160MHz,3.3.0.908,100.0
RZ616 Wi-Fi 6E 160MHz - 23.32.2.560,13767,1,0,70,13768,RZ616 Wi-Fi 6E 160MHz,23.32.2.560,100.0
Qualcomm QCA9377 802.11ac Wireless Adapter - 12.0.0.953,28720,0,0,36,28720,Qualcomm QCA9377 802.11ac Wireless Adapter,12.0.0.953,100.0
Intel(R) Dual Band Wireless-AC 8260 - 22.80.1.1,123628,43,4,138,123675,Intel(R) Dual Band Wireless-AC 8260,22.80.1.1,100.0
Intel(R) Dual Band Wireless-AC 8260 - 22.180.0.4,10454,2,0,11,10456,Intel(R) Dual Band Wireless-AC 8260,22.180.0.4,100.0
Qualcomm QCA61x4A 802.11ac Wireless Adapter - 12.0.0.1016,149498,5,7,195,149510,Qualcomm QCA61x4A 802.11ac Wireless Adapter,12.0.0.1016,100.0
Qualcomm FastConnect 6900 Wi-Fi 6E Dual Band Simultaneous (DBS) WDI Network Adapter - 1.0.0.1671,13853,0,0,40,13853,Qualcomm FastConnect 6900 Wi-Fi 6E Dual Band Simultaneous (DBS) WDI Network Adapter,1.0.0.1671,100.0
Qualcomm FastConnect 6900 Wi-Fi 6E Dual Band Simultaneous (DBS) WDI Network Adapter - 1.0.0.1633,31183,11,4,64,31198,Qualcomm FastConnect 6900 Wi-Fi 6E Dual Band Simultaneous (DBS) WDI Network Adapter,1.0.0.1633,100.0
Realtek 8811CU Wireless LAN 802.11ac USB NIC - 1030.44.1014.2024,25463,0,0,51,25463,Realtek 8811CU Wireless LAN 802.11ac USB NIC,1030.44.1014.2024,100.0
Realtek RTL8822BE 802.11ac PCIe Adapter - 2024.0.10.209,47919,13,5,42,47937,Realtek RTL8822BE 802.11ac PCIe Adapter,2024.0.10.209,100.0
Realtek RTL8822CE 802.11ac PCIe Adapter - 2024.10.227.0,38582,7,4,84,38593,Realtek RTL8822CE 802.11ac PCIe Adapter,2024.10.227.0,100.0
Realtek RTL8822CE 802.11ac PCIe Adapter - 2024.10.228.7,30695,0,0,43,30695,Realtek RTL8822CE 802.11ac PCIe Adapter,2024.10.228.7,100.0
Intel(R) Dual Band Wireless-AC 8260 - 20.70.27.1,17524,3,2,22,17529,Intel(R) Dual Band Wireless-AC 8260,20.70.27.1,100.0
Qualcomm QCA9377 802.11ac Wireless Adapter - 12.0.0.697,60328,0,24,65,60352,Qualcomm QCA9377 802.11ac Wireless Adapter,12.0.0.697,100.0
Intel(R) Dual Band Wireless-AC 8260 - 20.70.16.4,35015,2,6,62,35023,Intel(R) Dual Band Wireless-AC 8260,20.70.16.4,100.0
Intel(R) Dual Band Wireless-AC 7265 - 19.51.8.3,13025,0,3,42,13028,Intel(R) Dual Band Wireless-AC 7265,19.51.8.3,100.0
Realtek RTL8188EU Wireless LAN 802.11n USB 2.0 Network Adapter - 1030.38.712.2019,32365,0,0,45,32365,Realtek RTL8188EU Wireless LAN 802.11n USB 2.0 Network Adapter,1030.38.712.2019,100.0
Realtek RTL8188EU Wireless LAN 802.11n USB 2.0 Network Adapter - 1030.44.1014.2024,29520,0,0,35,29520,Realtek RTL8188EU Wireless LAN 802.11n USB 2.0 Network Adapter,1030.44.1014.2024,100.0
Realtek RTL8811AU Wireless LAN 802.11ac USB 2.0 Network Adapter - 1030.38.712.2019,98099,37,10,92,98146,Realtek RTL8811AU Wireless LAN 802.11ac USB 2.0 Network Adapter,1030.38.712.2019,100.0
Realtek RTL8852BE WiFi 6 802.11ax PCIe Adapter - 6001.15.141.0,48176,12,3,127,48191,Realtek RTL8852BE WiFi 6 802.11ax PCIe Adapter,6001.15.141.0,100.0
Realtek RTL8852BE WiFi 6 802.11ax PCIe Adapter - 6001.15.143.0,325903,73,56,761,326032,Realtek RTL8852BE WiFi 6 802.11ax PCIe Adapter,6001.15.143.0,100.0
Realtek RTL8852BE WiFi 6 802.11ax PCIe Adapter - 6001.15.144.0,17672,0,0,38,17672,Realtek RTL8852BE WiFi 6 802.11ax PCIe Adapter,6001.15.144.0,100.0
Intel(R) Dual Band Wireless-AC 7265 - 19.51.50.2,19902,2,6,27,19910,Intel(R) Dual Band Wireless-AC 7265,19.51.50.2,100.0
Intel(R) Dual Band Wireless-AC 8260 - 20.50.0.5,292083,57,80,291,292220,Intel(R) Dual Band Wireless-AC 8260,20.50.0.5,100.0
Intel(R) Dual Band Wireless-AC 7265 - 19.51.30.1,200990,74,6,252,201070,Intel(R) Dual Band Wireless-AC 7265,19.51.30.1,100.0
Intel(R) Dual Band Wireless-AC 7265 - 19.51.29.1,40157,2,0,50,40159,Intel(R) Dual Band Wireless-AC 7265,19.51.29.1,100.0
Intel(R) Dual Band Wireless-AC 7265 - 19.51.14.1,120850,12,0,105,120862,Intel(R) Dual Band Wireless-AC 7265,19.51.14.1,100.0
Dell Wireless 1550 802.11ac - 6.30.223.259,60950,10,0,53,60960,Dell Wireless 1550 802.11ac,6.30.223.259,100.0
Broadcom 802.11n Network Adapter - 6.30.223.256,11919,0,0,13,11919,Broadcom 802.11n Network Adapter,6.30.223.256,100.0
