Adapter-Driver,Good Sum,Critical Sum,Warning Sum,Client Count,Total Sum,Adapter,Driver,Good Roaming Calculation (%),Driver Vintage
MediaTek Wi-Fi 6 MT7921 Wireless LAN Card - 24.34.2.571,7479,6130,3823,58,17432,MediaTek Wi-Fi 6 MT7921 Wireless LAN Card,24.34.2.571,42.9,5/16/2024
Intel(R) Dual Band Wireless-AC 7265 - 22.110.0.2,38279,16041,7205,78,61525,Intel(R) Dual Band Wireless-AC 7265,22.110.0.2,62.2,11/27/2021
Realtek RTL8852BE WiFi 6 802.11ax PCIe Adapter - 6001.15.155.1,128027,23540,3364,246,154931,Realtek RTL8852BE WiFi 6 802.11ax PCIe Adapter,6001.15.155.1,82.6,10/24/2024
Intel(R) Wi-Fi 6 AX201 160MHz - 22.120.0.3,388675,39579,18728,874,446982,Intel(R) Wi-Fi 6 AX201 160MHz,22.120.0.3,87.0,1/30/2022
Intel(R) Wi-Fi 6E AX210 160MHz - 23.70.4.1,23004,561,2166,33,25731,Intel(R) Wi-Fi 6E AX210 160MHz,23.70.4.1,89.4,8/13/2024
Intel(R) Dual Band Wireless-AC 8265 - 20.70.17.1,13562,811,640,47,15013,Intel(R) Dual Band Wireless-AC 8265,20.70.17.1,90.3,4/15/2020
Realtek RTL8811AU Wireless LAN 802.11ac USB 2.0 Network Adapter - 1030.44.822.2023,1043807,57446,11560,1207,1112813,Realtek RTL8811AU Wireless LAN 802.11ac USB 2.0 Network Adapter,1030.44.822.2023,93.8,Not Found
MediaTek Wi-Fi 6 MT7921 Wireless LAN Card - 3.3.3.854,32568,1999,64,64,34631,MediaTek Wi-Fi 6 MT7921 Wireless LAN Card,3.3.3.854,94.0,8/22/2023
Intel(R) Wi-Fi 6 AX201 160MHz - 22.220.1.1,27896,978,755,50,29629,Intel(R) Wi-Fi 6 AX201 160MHz,22.220.1.1,94.2,4/2/2023
Qualcomm Atheros AR9580 Wireless Network Adapter - 3.0.2.201,86393,4103,832,147,91328,Qualcomm Atheros AR9580 Wireless Network Adapter,3.0.2.201,94.6,Not Found
MediaTek Wi-Fi 6E MT7922 (RZ616) 160MHz PCIe Adapter - 3.3.0.908,108738,6108,40,162,114886,MediaTek Wi-Fi 6E MT7922 (RZ616) 160MHz PCIe Adapter,3.3.0.908,94.6,11/26/2023
MediaTek Wi-Fi 6 MT7921 Wireless LAN Card - 23.32.2.560,26153,1395,78,55,27626,MediaTek Wi-Fi 6 MT7921 Wireless LAN Card,23.32.2.560,94.7,7/16/2023
Intel(R) Wireless-AC 9560 160MHz - 22.230.0.8,116122,6036,318,156,122476,Intel(R) Wireless-AC 9560 160MHz,22.230.0.8,94.8,5/8/2023
Intel(R) Wi-Fi 6E AX211 160MHz - 22.150.1.1,34981,159,1613,53,36753,Intel(R) Wi-Fi 6E AX211 160MHz,22.150.1.1,95.2,6/20/2022
Qualcomm Atheros AR9580 Wireless Network Adapter - 10.1.10.5,48338,1813,439,108,50590,Qualcomm Atheros AR9580 Wireless Network Adapter,10.1.10.5,95.5,Not Found
Intel(R) Wi-Fi 6E AX211 160MHz - 22.220.1.1,1354892,39253,19627,1292,1413772,Intel(R) Wi-Fi 6E AX211 160MHz,22.220.1.1,95.8,4/2/2023
Intel(R) Dual Band Wireless-AC 8265 - 20.50.3.3,301888,7286,5840,529,315014,Intel(R) Dual Band Wireless-AC 8265,20.50.3.3,95.8,4/24/2018
Intel(R) Wireless-AC 9260 160MHz - 23.40.0.4,66270,2293,354,76,68917,Intel(R) Wireless-AC 9260 160MHz,23.40.0.4,96.2,3/9/2024
Intel(R) Wi-Fi 6 AX200 160MHz - 22.130.0.5,45027,884,836,51,46747,Intel(R) Wi-Fi 6 AX200 160MHz,22.130.0.5,96.3,3/14/2022
Intel(R) Wi-Fi 6 AX201 160MHz - 22.150.0.3,677627,20620,3394,1126,701641,Intel(R) Wi-Fi 6 AX201 160MHz,22.150.0.3,96.6,5/23/2022
Intel(R) Wi-Fi 6 AX201 160MHz - 23.70.2.3,115918,1396,2613,279,119927,Intel(R) Wi-Fi 6 AX201 160MHz,23.70.2.3,96.7,7/23/2024
Intel(R) Dual Band Wireless-AC 7265 - 19.51.12.3,119039,3798,206,138,123043,Intel(R) Dual Band Wireless-AC 7265,19.51.12.3,96.7,4/24/2018
Realtek 8821CE Wireless LAN 802.11ac PCI-E NIC - 2024.10.139.3,55919,1175,687,143,57781,Realtek 8821CE Wireless LAN 802.11ac PCI-E NIC,2024.10.139.3,96.8,1/14/2024
Intel(R) Dual Band Wireless-AC 7265 - 19.51.27.1,125556,1335,2733,141,129624,Intel(R) Dual Band Wireless-AC 7265,19.51.27.1,96.9,12/2/2019
Intel(R) Wi-Fi 6E AX210 160MHz - 22.230.0.8,43446,249,1089,41,44784,Intel(R) Wi-Fi 6E AX210 160MHz,22.230.0.8,97.0,5/8/2023
MediaTek Wi-Fi 6E MT7922 (RZ616) 160MHz PCIe Adapter - 3.3.0.824,45099,1284,31,99,46414,MediaTek Wi-Fi 6E MT7922 (RZ616) 160MHz PCIe Adapter,3.3.0.824,97.2,6/25/2023
Intel(R) Dual Band Wireless-AC 7265 - 19.51.18.1,21941,574,68,25,22583,Intel(R) Dual Band Wireless-AC 7265,19.51.18.1,97.2,5/10/2019
Intel(R) Dual Band Wireless-AC 8260 - 20.50.0.4,97223,1406,1317,133,99946,Intel(R) Dual Band Wireless-AC 8260,20.50.0.4,97.3,3/18/2018
Realtek RTL8852AE WiFi 6 802.11ax PCIe Adapter - 6001.10.356.0,158408,1446,2847,212,162701,Realtek RTL8852AE WiFi 6 802.11ax PCIe Adapter,6001.10.356.0,97.4,12/21/2023
Intel(R) Wi-Fi 6 AX201 160MHz - 23.70.0.6,18746,222,269,36,19237,Intel(R) Wi-Fi 6 AX201 160MHz,23.70.0.6,97.4,7/16/2024
Intel(R) Wi-Fi 6 AX200 160MHz - 23.110.0.5,24105,62,591,80,24758,Intel(R) Wi-Fi 6 AX200 160MHz,23.110.0.5,97.4,1/1/2025
Intel(R) Dual Band Wireless-AC 8260 - 20.70.18.2,234355,1278,4794,278,240427,Intel(R) Dual Band Wireless-AC 8260,20.70.18.2,97.5,6/23/2020
Intel(R) Wi-Fi 6 AX201 160MHz - 22.170.2.1,9156271,134421,99429,24036,9390121,Intel(R) Wi-Fi 6 AX201 160MHz,22.170.2.1,97.5,8/30/2022
Intel(R) Dual Band Wireless-AC 7265 - 19.51.48.1,35134,635,211,63,35980,Intel(R) Dual Band Wireless-AC 7265,19.51.48.1,97.6,7/8/2023
Intel(R) Wi-Fi 6 AX201 160MHz - 22.140.0.3,165293,3512,596,323,169401,Intel(R) Wi-Fi 6 AX201 160MHz,22.140.0.3,97.6,4/25/2022
Intel(R) Dual Band Wireless-AC 3165 - 19.51.40.1,271472,2566,4019,317,278057,Intel(R) Dual Band Wireless-AC 3165,19.51.40.1,97.6,2/19/2022
NETGEAR A6100 WiFi Adapter - 1030.25.701.2017,94131,2205,7,66,96343,NETGEAR A6100 WiFi Adapter,1030.25.701.2017,97.7,Not Found
NETGEAR A8000 WiFi 6 & 6E Adapter - 1.0.0.108,22376,398,96,43,22870,NETGEAR A8000 WiFi 6 & 6E Adapter,1.0.0.108,97.8,Not Found
Intel(R) Wi-Fi 6 AX201 160MHz - 22.160.0.4,648153,14333,260,795,662746,Intel(R) Wi-Fi 6 AX201 160MHz,22.160.0.4,97.8,8/13/2022
Intel(R) Wi-Fi 6 AX201 160MHz - 22.160.3.2,149430,2791,539,192,152760,Intel(R) Wi-Fi 6 AX201 160MHz,22.160.3.2,97.8,8/1/2022
Intel(R) Wi-Fi 6 AX201 160MHz - 23.30.0.6,2278396,25770,24819,6246,2328985,Intel(R) Wi-Fi 6 AX201 160MHz,23.30.0.6,97.8,1/20/2024
Intel(R) Wi-Fi 6 AX201 160MHz - 22.160.0.3,3980957,52516,38573,11940,4072046,Intel(R) Wi-Fi 6 AX201 160MHz,22.160.0.3,97.8,7/18/2022
Intel(R) Wi-Fi 6 AX201 160MHz - 23.40.1.1,479916,8134,2440,929,490490,Intel(R) Wi-Fi 6 AX201 160MHz,23.40.1.1,97.8,3/19/2024
Intel(R) Wi-Fi 6 AX200 160MHz - 22.100.0.3,112752,1517,871,132,115140,Intel(R) Wi-Fi 6 AX200 160MHz,22.100.0.3,97.9,5/1/2022
Intel(R) Wi-Fi 6 AX201 160MHz - 23.20.1.1,5017254,55806,53966,9990,5127026,Intel(R) Wi-Fi 6 AX201 160MHz,23.20.1.1,97.9,12/19/2023
Realtek 8821CE Wireless LAN 802.11ac PCI-E NIC - 2024.10.138.0,24765,232,270,72,25267,Realtek 8821CE Wireless LAN 802.11ac PCI-E NIC,2024.10.138.0,98.0,6/23/2022
Intel(R) Wi-Fi 6 AX201 160MHz - 23.80.0.7,7615798,102820,54768,16530,7773386,Intel(R) Wi-Fi 6 AX201 160MHz,23.80.0.7,98.0,9/1/2024
Intel(R) Wi-Fi 6 AX201 160MHz - 23.110.0.5,344809,4162,2527,987,351498,Intel(R) Wi-Fi 6 AX201 160MHz,23.110.0.5,98.1,1/1/2025
MediaTek Wi-Fi 6E MT7922 (RZ616) 160MHz PCIe Adapter - 3.3.0.897,175165,2614,708,278,178487,MediaTek Wi-Fi 6E MT7922 (RZ616) 160MHz PCIe Adapter,3.3.0.897,98.1,11/20/2023
Intel(R) Dual Band Wireless-AC 8265 - 20.90.0.100,55110,419,656,58,56185,Intel(R) Dual Band Wireless-AC 8265,20.90.0.100,98.1,10/3/2018
Intel(R) Wi-Fi 6E AX211 160MHz - 22.190.0.4,397062,5948,1850,839,404860,Intel(R) Wi-Fi 6E AX211 160MHz,22.190.0.4,98.1,11/22/2022
Intel(R) Dual Band Wireless-AC 7265 - 19.51.42.2,177842,2355,894,411,181091,Intel(R) Dual Band Wireless-AC 7265,19.51.42.2,98.2,8/1/2022
MediaTek Wi-Fi 6 MT7921 Wireless LAN Card - 24.40.2.575,461509,4892,3568,911,469969,MediaTek Wi-Fi 6 MT7921 Wireless LAN Card,24.40.2.575,98.2,10/25/2024
Intel(R) Wi-Fi 6E AX211 160MHz - 22.170.2.1,6197862,66997,44113,15705,6308972,Intel(R) Wi-Fi 6E AX211 160MHz,22.170.2.1,98.2,8/30/2022
Intel(R) Dual Band Wireless-AC 7265 - 19.51.37.2,152549,1949,759,171,155257,Intel(R) Dual Band Wireless-AC 7265,19.51.37.2,98.3,6/21/2021
Intel(R) Wi-Fi 6 AX201 160MHz - 23.60.0.10,597704,6147,4371,1361,608222,Intel(R) Wi-Fi 6 AX201 160MHz,23.60.0.10,98.3,5/16/2024
Intel(R) Wi-Fi 6 AX201 160MHz - 22.250.1.2,11461080,114412,84319,18148,11659811,Intel(R) Wi-Fi 6 AX201 160MHz,22.250.1.2,98.3,8/6/2023
Intel(R) Dual Band Wireless-AC 8265 - 20.70.18.2,686874,7180,4733,1145,698787,Intel(R) Dual Band Wireless-AC 8265,20.70.18.2,98.3,6/23/2020
Intel(R) Dual Band Wireless-AC 8260 - 20.70.11.3,112012,371,1529,128,113912,Intel(R) Dual Band Wireless-AC 8260,20.70.11.3,98.3,9/5/2019
Intel(R) Wi-Fi 6 AX201 160MHz - 22.110.1.1,2744195,25917,18622,4797,2788734,Intel(R) Wi-Fi 6 AX201 160MHz,22.110.1.1,98.4,1/1/2022
Intel(R) Wi-Fi 6 AX200 160MHz - 22.120.1.9,1284993,16524,4607,1416,1306124,Intel(R) Wi-Fi 6 AX200 160MHz,22.120.1.9,98.4,3/9/2022
Intel(R) Wi-Fi 6 AX201 160MHz - 22.250.10.1,2652528,22780,20122,6113,2695430,Intel(R) Wi-Fi 6 AX201 160MHz,22.250.10.1,98.4,8/14/2023
MediaTek Wi-Fi 6E MT7922 (RZ616) 160MHz PCIe Adapter - 3.3.0.800,23103,265,75,110,23443,MediaTek Wi-Fi 6E MT7922 (RZ616) 160MHz PCIe Adapter,3.3.0.800,98.5,4/18/2023
Edimax AC1750 Wi-Fi USB Adapter - 1030.44.1014.2024,54373,805,1,61,55179,Edimax AC1750 Wi-Fi USB Adapter,1030.44.1014.2024,98.5,10/13/2024
Intel(R) Wi-Fi 6 AX200 160MHz - 23.60.0.10,231400,2577,830,859,234807,Intel(R) Wi-Fi 6 AX200 160MHz,23.60.0.10,98.5,5/16/2024
Intel(R) Wi-Fi 6 AX201 160MHz - 22.0.1.5,326261,2314,2503,460,331078,Intel(R) Wi-Fi 6 AX201 160MHz,22.0.1.5,98.5,Not Found
Killer(R) Wi-Fi 6 AX1650s 160MHz Wireless Network Adapter (201D2W) - 23.20.1.1,23819,147,206,71,24172,Killer(R) Wi-Fi 6 AX1650s 160MHz Wireless Network Adapter (201D2W),23.20.1.1,98.5,12/19/2023
Intel(R) Dual Band Wireless-AC 8265 - 20.70.27.1,610506,4694,3714,784,618914,Intel(R) Dual Band Wireless-AC 8265,20.70.27.1,98.6,9/11/2021
Killer(R) Wi-Fi 6 AX1650s 160MHz Wireless Network Adapter (201D2W) - 23.60.1.2,354331,2767,2366,537,359464,Killer(R) Wi-Fi 6 AX1650s 160MHz Wireless Network Adapter (201D2W),23.60.1.2,98.6,6/2/2024
Intel(R) Wi-Fi 6E AX211 160MHz - 22.160.0.3,1158600,6360,10190,1826,1175150,Intel(R) Wi-Fi 6E AX211 160MHz,22.160.0.3,98.6,7/18/2022
Intel(R) Wi-Fi 6 AX201 160MHz - 22.60.1.2,715431,3388,5687,1811,724506,Intel(R) Wi-Fi 6 AX201 160MHz,22.60.1.2,98.7,6/20/2021
Intel(R) Wi-Fi 6 AX201 160MHz - 22.130.0.5,1793460,12505,11439,2767,1817404,Intel(R) Wi-Fi 6 AX201 160MHz,22.130.0.5,98.7,3/14/2022
Intel(R) Dual Band Wireless-AC 8265 - 20.70.24.1,397165,3827,1280,472,402272,Intel(R) Dual Band Wireless-AC 8265,20.70.24.1,98.7,5/9/2021
Intel(R) Wireless-AC 9560 160MHz - 22.80.0.9,21040,208,71,66,21319,Intel(R) Wireless-AC 9560 160MHz,22.80.0.9,98.7,8/18/2021
TP-Link Wireless USB Adapter - 1030.38.712.2019,62543,216,544,99,63303,TP-Link Wireless USB Adapter,1030.38.712.2019,98.8,7/17/2019
Intel(R) Dual Band Wireless-AC 7265 - 19.51.31.1,71503,897,3,82,72403,Intel(R) Dual Band Wireless-AC 7265,19.51.31.1,98.8,9/14/2020
Intel(R) Wi-Fi 6E AX211 160MHz - 23.120.0.3,49462,528,52,116,50042,Intel(R) Wi-Fi 6E AX211 160MHz,23.120.0.3,98.8,2/5/2025
Intel(R) Wi-Fi 6E AX211 160MHz - 23.30.0.6,3931251,32464,16979,6904,3980694,Intel(R) Wi-Fi 6E AX211 160MHz,23.30.0.6,98.8,1/20/2024
Intel(R) Wi-Fi 6E AX211 160MHz - 23.40.1.1,65848,764,23,201,66635,Intel(R) Wi-Fi 6E AX211 160MHz,23.40.1.1,98.8,3/19/2024
Intel(R) Wi-Fi 6E AX210 160MHz - 22.150.0.3,51584,118,456,56,52158,Intel(R) Wi-Fi 6E AX210 160MHz,22.150.0.3,98.9,5/23/2022
Intel(R) Wi-Fi 6 AX201 160MHz - 23.40.0.4,7385756,44095,35322,16886,7465173,Intel(R) Wi-Fi 6 AX201 160MHz,23.40.0.4,98.9,3/9/2024
Intel(R) Wi-Fi 6E AX211 160MHz - 22.200.2.1,3232783,26230,8239,6906,3267252,Intel(R) Wi-Fi 6E AX211 160MHz,22.200.2.1,98.9,3/8/2023
Intel(R) Wi-Fi 6 AX201 160MHz - 23.20.0.4,200572,569,1573,351,202714,Intel(R) Wi-Fi 6 AX201 160MHz,23.20.0.4,98.9,11/28/2023
Intel(R) Wi-Fi 6 AX201 160MHz - 23.70.4.1,46925,400,108,78,47433,Intel(R) Wi-Fi 6 AX201 160MHz,23.70.4.1,98.9,8/13/2024
Intel(R) Wi-Fi 6 AX200 160MHz - 22.240.0.6,91237,660,319,160,92216,Intel(R) Wi-Fi 6 AX200 160MHz,22.240.0.6,98.9,6/17/2023
Intel(R) Wi-Fi 6 AX201 160MHz - 21.10.2.2,144883,1184,378,241,146445,Intel(R) Wi-Fi 6 AX201 160MHz,21.10.2.2,98.9,Not Found
Intel(R) Wi-Fi 6E AX211 160MHz - 23.20.0.4,209182,1677,687,408,211546,Intel(R) Wi-Fi 6E AX211 160MHz,23.20.0.4,98.9,11/28/2023
Intel(R) Wi-Fi 6 AX200 160MHz - 23.40.0.4,626471,4880,1810,1236,633161,Intel(R) Wi-Fi 6 AX200 160MHz,23.40.0.4,98.9,3/9/2024
Realtek 8822CE Wireless LAN 802.11ac PCI-E NIC - 2024.10.139.3,14159,156,7,33,14322,Realtek 8822CE Wireless LAN 802.11ac PCI-E NIC,2024.10.139.3,98.9,1/14/2024
Intel(R) Dual Band Wireless-AC 8265 - 20.70.32.1,2167805,14837,8360,3361,2191002,Intel(R) Dual Band Wireless-AC 8265,20.70.32.1,98.9,7/23/2022
MediaTek Wi-Fi 6 MT7921 Wireless LAN Card - 23.33.2.563,124147,982,446,251,125575,MediaTek Wi-Fi 6 MT7921 Wireless LAN Card,23.33.2.563,98.9,10/10/2023
Intel(R) Dual Band Wireless-AC 8260 - 20.70.32.1,924308,3607,5426,1170,933341,Intel(R) Dual Band Wireless-AC 8260,20.70.32.1,99.0,7/23/2022
Intel(R) Wi-Fi 6 AX201 160MHz - 23.90.1.3,143498,637,834,266,144969,Intel(R) Wi-Fi 6 AX201 160MHz,23.90.1.3,99.0,10/12/2024
Killer(R) Wi-Fi 6 AX1650s 160MHz Wireless Network Adapter (201D2W) - 23.90.0.2,375651,2976,820,675,379447,Killer(R) Wi-Fi 6 AX1650s 160MHz Wireless Network Adapter (201D2W),23.90.0.2,99.0,9/25/2024
MediaTek Wi-Fi 6 MT7921 Wireless LAN Card - 3.0.1.1314,182216,487,1397,364,184100,MediaTek Wi-Fi 6 MT7921 Wireless LAN Card,3.0.1.1314,99.0,10/11/2023
Realtek RTL8852AE WiFi 6 802.11ax PCIe Adapter - 6001.10.353.0,161726,1366,345,253,163437,Realtek RTL8852AE WiFi 6 802.11ax PCIe Adapter,6001.10.353.0,99.0,12/21/2022
Intel(R) Wi-Fi 6 AX201 160MHz - 22.180.0.4,362599,1384,2267,524,366250,Intel(R) Wi-Fi 6 AX201 160MHz,22.180.0.4,99.0,10/17/2022
Intel(R) Wi-Fi 6E AX211 160MHz - 23.90.0.2,16141007,103528,52713,26289,16297248,Intel(R) Wi-Fi 6E AX211 160MHz,23.90.0.2,99.0,9/25/2024
Intel(R) Wi-Fi 6E AX211 160MHz - 23.60.0.10,89849,715,191,217,90755,Intel(R) Wi-Fi 6E AX211 160MHz,23.60.0.10,99.0,5/16/2024
Intel(R) Wi-Fi 6 AX201 160MHz - 23.60.1.2,36211480,227492,140001,63593,36578973,Intel(R) Wi-Fi 6 AX201 160MHz,23.60.1.2,99.0,6/2/2024
Intel(R) Wi-Fi 6 AX200 160MHz - 21.110.1.1,173596,1094,444,311,175134,Intel(R) Wi-Fi 6 AX200 160MHz,21.110.1.1,99.1,6/30/2020
Intel(R) Wi-Fi 6 AX201 160MHz - 21.110.1.1,3894229,20100,16739,7202,3931068,Intel(R) Wi-Fi 6 AX201 160MHz,21.110.1.1,99.1,6/30/2020
Intel(R) Wi-Fi 6 AX201 160MHz - 22.200.0.6,261134,1698,722,420,263554,Intel(R) Wi-Fi 6 AX201 160MHz,22.200.0.6,99.1,1/16/2023
Intel(R) Wi-Fi 6 AX201 160MHz - 22.200.2.1,4631407,23612,17144,9456,4672163,Intel(R) Wi-Fi 6 AX201 160MHz,22.200.2.1,99.1,3/8/2023
Intel(R) Wi-Fi 6E AX211 160MHz - 23.20.1.1,8429748,37368,41132,17672,8508248,Intel(R) Wi-Fi 6E AX211 160MHz,23.20.1.1,99.1,12/19/2023
Intel(R) Wi-Fi 6E AX211 160MHz - 23.110.0.5,3723766,20733,12087,9746,3756586,Intel(R) Wi-Fi 6E AX211 160MHz,23.110.0.5,99.1,1/1/2025
Intel(R) Wi-Fi 6E AX211 160MHz - 22.130.0.5,2456014,14371,7789,6214,2478174,Intel(R) Wi-Fi 6E AX211 160MHz,22.130.0.5,99.1,3/14/2022
Intel(R) Wi-Fi 6E AX211 160MHz - 23.60.1.2,31910595,130522,121512,68074,32162629,Intel(R) Wi-Fi 6E AX211 160MHz,23.60.1.2,99.2,6/2/2024
Intel(R) Wi-Fi 6 AX200 160MHz - 23.80.0.7,702733,3596,2128,1612,708457,Intel(R) Wi-Fi 6 AX200 160MHz,23.80.0.7,99.2,9/1/2024
Intel(R) Wi-Fi 6E AX211 160MHz - 23.70.4.1,273909,828,1342,334,276079,Intel(R) Wi-Fi 6E AX211 160MHz,23.70.4.1,99.2,8/13/2024
Intel(R) Dual Band Wireless-AC 8265 - 20.70.16.4,268575,1247,1028,348,270850,Intel(R) Dual Band Wireless-AC 8265,20.70.16.4,99.2,12/31/2019
Intel(R) Wi-Fi 6E AX211 160MHz - 22.240.0.6,495278,3477,684,940,499439,Intel(R) Wi-Fi 6E AX211 160MHz,22.240.0.6,99.2,6/17/2023
Intel(R) Wi-Fi 6E AX211 160MHz - 22.170.0.3,285355,2210,215,372,287780,Intel(R) Wi-Fi 6E AX211 160MHz,22.170.0.3,99.2,8/28/2022
Intel(R) Wi-Fi 6 AX201 160MHz - 23.90.0.2,14220905,75656,35931,21917,14332492,Intel(R) Wi-Fi 6 AX201 160MHz,23.90.0.2,99.2,9/25/2024
Intel(R) Wi-Fi 6 AX201 160MHz - 22.80.1.1,1350737,3587,6911,1452,1361235,Intel(R) Wi-Fi 6 AX201 160MHz,22.80.1.1,99.2,5/1/2022
Intel(R) Wi-Fi 6 AX201 160MHz - 22.230.0.8,1868740,4810,10006,3156,1883556,Intel(R) Wi-Fi 6 AX201 160MHz,22.230.0.8,99.2,5/8/2023
Intel(R) Wi-Fi 6 AX201 160MHz - 21.110.2.1,27572,161,63,75,27796,Intel(R) Wi-Fi 6 AX201 160MHz,21.110.2.1,99.2,7/20/2020
MediaTek MT7921 Wi-Fi 6 802.11ax PCIe Adapter - 3.0.1.1317,41165,163,160,394,41488,MediaTek MT7921 Wi-Fi 6 802.11ax PCIe Adapter,3.0.1.1317,99.2,11/21/2023
Intel(R) Dual Band Wireless-AC 8265 - 20.70.21.2,1093801,4520,3835,1784,1102156,Intel(R) Dual Band Wireless-AC 8265,20.70.21.2,99.2,1/9/2021
Intel(R) Wi-Fi 6 AX200 160MHz - 22.60.0.6,87437,513,220,141,88170,Intel(R) Wi-Fi 6 AX200 160MHz,22.60.0.6,99.2,5/26/2021
Intel(R) Wireless-AC 9560 160MHz - 22.170.0.3,241710,1371,538,442,243619,Intel(R) Wireless-AC 9560 160MHz,22.170.0.3,99.2,8/28/2022
Intel(R) Wi-Fi 6 AX200 160MHz - 23.90.0.2,4301452,19215,10503,4814,4331170,Intel(R) Wi-Fi 6 AX200 160MHz,23.90.0.2,99.3,9/25/2024
Intel(R) Wi-Fi 6 AX201 160MHz - 22.240.0.6,1427778,6152,3231,2702,1437161,Intel(R) Wi-Fi 6 AX201 160MHz,22.240.0.6,99.3,6/17/2023
Intel(R) Wi-Fi 6E AX211 160MHz - 23.80.0.7,1953370,5733,8848,3652,1967951,Intel(R) Wi-Fi 6E AX211 160MHz,23.80.0.7,99.3,9/1/2024
Intel(R) Wi-Fi 6 AX201 160MHz - 22.100.1.1,1157079,6465,2278,2316,1165822,Intel(R) Wi-Fi 6 AX201 160MHz,22.100.1.1,99.3,5/1/2022
Intel(R) Wi-Fi 6E AX211 160MHz - 23.90.1.3,1506243,4015,7079,2371,1517337,Intel(R) Wi-Fi 6E AX211 160MHz,23.90.1.3,99.3,10/12/2024
Intel(R) Wi-Fi 6E AX211 160MHz - 22.160.0.4,19458,56,87,66,19601,Intel(R) Wi-Fi 6E AX211 160MHz,22.160.0.4,99.3,8/13/2022
Intel(R) Wi-Fi 6 AX201 160MHz - 22.70.0.6,415915,948,1991,810,418854,Intel(R) Wi-Fi 6 AX201 160MHz,22.70.0.6,99.3,6/28/2021
Intel(R) Wi-Fi 6E AX210 160MHz - 23.60.1.2,698352,1982,3292,1216,703626,Intel(R) Wi-Fi 6E AX210 160MHz,23.60.1.2,99.3,6/2/2024
Intel(R) Wi-Fi 6 AX201 160MHz - 22.30.0.11,951505,4207,2688,2208,958400,Intel(R) Wi-Fi 6 AX201 160MHz,22.30.0.11,99.3,1/19/2021
Intel(R) Dual Band Wireless-AC 7260 - 18.33.16.2,189561,1112,146,284,190819,Intel(R) Dual Band Wireless-AC 7260,18.33.16.2,99.3,3/24/2019
Intel(R) Wi-Fi 6E AX211 160MHz - 22.250.10.1,1439944,4093,5536,2744,1449573,Intel(R) Wi-Fi 6E AX211 160MHz,22.250.10.1,99.3,8/14/2023
Intel(R) Dual Band Wireless-AC 8265 - 22.160.0.4,1329412,5265,3820,1516,1338497,Intel(R) Dual Band Wireless-AC 8265,22.160.0.4,99.3,Not Found
Intel(R) Wi-Fi 6 AX200 160MHz - 22.70.0.6,129824,904,44,226,130772,Intel(R) Wi-Fi 6 AX200 160MHz,22.70.0.6,99.3,6/28/2021
Intel(R) Dual Band Wireless-AC 8260 - 20.70.2.1,108321,275,444,124,109040,Intel(R) Dual Band Wireless-AC 8260,20.70.2.1,99.3,8/13/2018
Intel(R) Wi-Fi 6 AX200 160MHz - 22.40.0.7,441288,879,2101,763,444268,Intel(R) Wi-Fi 6 AX200 160MHz,22.40.0.7,99.3,3/2/2021
MediaTek MT7921 Wi-Fi 6 802.11ax PCIe Adapter - 3.0.1.1297,27016,93,86,167,27195,MediaTek MT7921 Wi-Fi 6 802.11ax PCIe Adapter,3.0.1.1297,99.3,Not Found
Intel(R) Dual Band Wireless-AC 8265 - 20.70.3.3,1016587,3881,2337,1403,1022805,Intel(R) Dual Band Wireless-AC 8265,20.70.3.3,99.4,12/28/2018
Intel(R) Wi-Fi 6 AX200 160MHz - 22.250.0.4,466083,1211,1470,532,468764,Intel(R) Wi-Fi 6 AX200 160MHz,22.250.0.4,99.4,7/25/2023
Killer Wi-Fi 6 AX500-DBS Wireless Network Adapter - 1.0.0.1769,23848,151,1,52,24000,Killer Wi-Fi 6 AX500-DBS Wireless Network Adapter,1.0.0.1769,99.4,12/14/2021
Intel(R) Wi-Fi 6 AX200 160MHz - 22.250.1.2,303851,1623,304,542,305778,Intel(R) Wi-Fi 6 AX200 160MHz,22.250.1.2,99.4,8/6/2023
Intel(R) Wi-Fi 6 AX200 160MHz - 23.20.1.1,129681,151,654,198,130486,Intel(R) Wi-Fi 6 AX200 160MHz,23.20.1.1,99.4,12/19/2023
Intel(R) Wireless-AC 9560 160MHz - 22.250.0.4,1586559,6565,2272,2307,1595396,Intel(R) Wireless-AC 9560 160MHz,22.250.0.4,99.4,7/25/2023
Qualcomm QCA61x4A 802.11ac Wireless Adapter - 12.0.0.722,79932,21,464,147,80417,Qualcomm QCA61x4A 802.11ac Wireless Adapter,12.0.0.722,99.4,8/21/2018
Intel(R) Dual Band Wireless-AC 7265 - 19.51.40.1,589805,1928,1571,660,593304,Intel(R) Dual Band Wireless-AC 7265,19.51.40.1,99.4,2/19/2022
Intel(R) Wi-Fi 6 AX200 160MHz - 22.200.2.1,731261,2116,2400,876,735777,Intel(R) Wi-Fi 6 AX200 160MHz,22.200.2.1,99.4,3/8/2023
Intel(R) Dual Band Wireless-AC 7265 - 19.10.0.9,16633,0,100,26,16733,Intel(R) Dual Band Wireless-AC 7265,19.10.0.9,99.4,8/20/2016
Intel(R) Wi-Fi 6 AX201 160MHz - 23.50.0.6,1212435,5636,1911,1680,1219982,Intel(R) Wi-Fi 6 AX201 160MHz,23.50.0.6,99.4,4/13/2024
Intel(R) Wi-Fi 6E AX211 160MHz - 23.70.0.6,1636039,5126,3982,1348,1645147,Intel(R) Wi-Fi 6E AX211 160MHz,23.70.0.6,99.4,7/16/2024
Intel(R) Wi-Fi 6 AX201 160MHz - 22.100.0.3,801675,2407,2650,1246,806732,Intel(R) Wi-Fi 6 AX201 160MHz,22.100.0.3,99.4,5/1/2022
Intel(R) Wi-Fi 6 AX201 160MHz - 21.90.2.1,531731,2116,1131,640,534978,Intel(R) Wi-Fi 6 AX201 160MHz,21.90.2.1,99.4,4/15/2020
Intel(R) Wi-Fi 6 AX201 160MHz - 22.10.0.7,2256594,6182,7507,4609,2270283,Intel(R) Wi-Fi 6 AX201 160MHz,22.10.0.7,99.4,10/19/2020
Realtek 8821CE Wireless LAN 802.11ac PCI-E NIC - 2024.10.139.2,34458,54,130,41,34642,Realtek 8821CE Wireless LAN 802.11ac PCI-E NIC,2024.10.139.2,99.5,10/22/2023
Intel(R) Dual Band Wireless-AC 8260 - 20.10.0.6,47557,119,99,44,47775,Intel(R) Dual Band Wireless-AC 8260,20.10.0.6,99.5,10/16/2017
Intel(R) Dual Band Wireless-AC 8265 - 20.50.0.5,23770,3,112,45,23885,Intel(R) Dual Band Wireless-AC 8265,20.50.0.5,99.5,Not Found
Intel(R) Dual Band Wireless-AC 8260 - 20.70.21.2,82997,181,243,154,83421,Intel(R) Dual Band Wireless-AC 8260,20.70.21.2,99.5,1/9/2021
Intel(R) Dual Band Wireless-AC 8260 - 20.70.23.1,518848,1669,884,533,521401,Intel(R) Dual Band Wireless-AC 8260,20.70.23.1,99.5,3/20/2021
Intel(R) Wi-Fi 6 AX200 160MHz - 22.170.0.3,244360,832,418,515,245610,Intel(R) Wi-Fi 6 AX200 160MHz,22.170.0.3,99.5,8/28/2022
Intel(R) Wireless-AC 9560 160MHz - 22.250.1.2,1731174,5691,2308,2400,1739173,Intel(R) Wireless-AC 9560 160MHz,22.250.1.2,99.5,8/6/2023
Intel(R) Wireless-AC 9560 160MHz - 23.20.1.1,249390,227,904,496,250521,Intel(R) Wireless-AC 9560 160MHz,23.20.1.1,99.5,12/19/2023
Intel(R) Wi-Fi 6E AX211 160MHz - 22.250.1.2,310716,628,995,730,312339,Intel(R) Wi-Fi 6E AX211 160MHz,22.250.1.2,99.5,8/6/2023
Intel(R) Wi-Fi 6E AX210 160MHz - 23.80.0.7,351178,957,753,645,352888,Intel(R) Wi-Fi 6E AX210 160MHz,23.80.0.7,99.5,9/1/2024
Intel(R) Wi-Fi 6 AX201 160MHz - 23.10.0.8,362432,1099,582,571,364113,Intel(R) Wi-Fi 6 AX201 160MHz,23.10.0.8,99.5,10/30/2023
Intel(R) Dual Band Wireless-AC 7260 - 17.15.0.5,456014,1779,328,577,458121,Intel(R) Dual Band Wireless-AC 7260,17.15.0.5,99.5,Not Found
Intel(R) Wireless-AC 9560 160MHz - 22.110.1.1,20330,55,43,212,20428,Intel(R) Wireless-AC 9560 160MHz,22.110.1.1,99.5,1/1/2022
Intel(R) Wi-Fi 6 AX201 160MHz - 22.250.0.4,1528678,2799,4386,2130,1535863,Intel(R) Wi-Fi 6 AX201 160MHz,22.250.0.4,99.5,7/25/2023
Intel(R) Wi-Fi 6E AX211 160MHz - 23.40.0.4,619210,1744,1469,1651,622423,Intel(R) Wi-Fi 6E AX211 160MHz,23.40.0.4,99.5,3/9/2024
Intel(R) Wi-Fi 6 AX200 160MHz - 21.20.1.1,90563,419,0,112,90982,Intel(R) Wi-Fi 6 AX200 160MHz,21.20.1.1,99.5,5/29/2019
Intel(R) Wi-Fi 6 AX200 160MHz - 22.110.1.1,97329,314,203,165,97846,Intel(R) Wi-Fi 6 AX200 160MHz,22.110.1.1,99.5,1/1/2022
Intel(R) Dual Band Wireless-AC 8265 - 22.110.0.2,2241839,8494,2195,2712,2252528,Intel(R) Dual Band Wireless-AC 8265,22.110.0.2,99.5,11/27/2021
Intel(R) Wi-Fi 6E AX211 160MHz - 23.50.0.6,786559,2082,2257,1683,790898,Intel(R) Wi-Fi 6E AX211 160MHz,23.50.0.6,99.5,4/13/2024
Intel(R) Wi-Fi 6 AX201 160MHz - 22.40.0.7,5831627,12100,13188,12729,5856915,Intel(R) Wi-Fi 6 AX201 160MHz,22.40.0.7,99.6,9/18/2021
Intel(R) Wi-Fi 6E AX211 160MHz - 22.180.0.4,17609,69,0,57,17678,Intel(R) Wi-Fi 6E AX211 160MHz,22.180.0.4,99.6,10/17/2022
Intel(R) Wi-Fi 6E AX211 160MHz - 22.250.0.4,1119047,3924,1009,1771,1123980,Intel(R) Wi-Fi 6E AX211 160MHz,22.250.0.4,99.6,7/25/2023
Intel(R) Wi-Fi 6 AX200 160MHz - 22.150.1.1,415263,488,1136,485,416887,Intel(R) Wi-Fi 6 AX200 160MHz,22.150.1.1,99.6,6/20/2022
Intel(R) Wi-Fi 6 AX200 160MHz - 21.60.0.5,514345,561,1597,1158,516503,Intel(R) Wi-Fi 6 AX200 160MHz,21.60.0.5,99.6,11/10/2019
Intel(R) Dual Band Wireless-AC 8265 - 22.130.0.5,735729,2130,1043,937,738902,Intel(R) Dual Band Wireless-AC 8265,22.130.0.5,99.6,3/14/2022
Intel(R) Dual Band Wireless-AC 8265 - 20.70.25.2,1425688,4653,634,2114,1430975,Intel(R) Dual Band Wireless-AC 8265,20.70.25.2,99.6,6/21/2021
Intel(R) Dual Band Wireless-AC 8260 - 22.110.0.2,3536300,10742,1893,4326,3548935,Intel(R) Dual Band Wireless-AC 8260,22.110.0.2,99.6,11/27/2021
"Wi-Fi  (0x14E4, 0x7BF) - 16.0 (1657)",12686,30,25,47,12741,"Wi-Fi  (0x14E4, 0x7BF)",16.0 (1657),99.6,Not Found
Intel(R) Wireless-AC 9462 - 22.70.0.6,58214,203,44,61,58461,Intel(R) Wireless-AC 9462,22.70.0.6,99.6,6/28/2021
Intel(R) Wi-Fi 6 AX200 160MHz - 23.60.1.2,3975029,10257,5504,5514,3990790,Intel(R) Wi-Fi 6 AX200 160MHz,23.60.1.2,99.6,6/2/2024
Intel(R) Wi-Fi 6 AX200 160MHz - 23.30.0.6,571481,1025,1527,1223,574033,Intel(R) Wi-Fi 6 AX200 160MHz,23.30.0.6,99.6,1/20/2024
Intel(R) Wi-Fi 6 AX201 160MHz - 22.150.1.1,272517,843,303,396,273663,Intel(R) Wi-Fi 6 AX201 160MHz,22.150.1.1,99.6,6/20/2022
Intel(R) Wi-Fi 6 AX201 160MHz - 22.20.0.6,646054,1358,1006,738,648418,Intel(R) Wi-Fi 6 AX201 160MHz,22.20.0.6,99.6,11/29/2020
Intel(R) Wi-Fi 6E AX211 160MHz - 23.10.0.8,407388,588,931,641,408907,Intel(R) Wi-Fi 6E AX211 160MHz,23.10.0.8,99.6,10/30/2023
Intel(R) Wireless-AC 9560 160MHz - 22.240.0.6,429730,563,974,569,431267,Intel(R) Wireless-AC 9560 160MHz,22.240.0.6,99.6,6/17/2023
Intel(R) Wireless-AC 9560 160MHz - 23.40.0.4,1638753,2811,1357,1983,1642921,Intel(R) Wireless-AC 9560 160MHz,23.40.0.4,99.7,3/9/2024
Intel(R) Wi-Fi 6 AX200 160MHz - 22.220.0.4,52095,19,115,70,52229,Intel(R) Wi-Fi 6 AX200 160MHz,22.220.0.4,99.7,3/28/2023
Intel(R) Wi-Fi 6 AX200 160MHz - 22.0.1.5,31599,90,3,48,31692,Intel(R) Wi-Fi 6 AX200 160MHz,22.0.1.5,99.7,Not Found
Intel(R) Wi-Fi 6 AX200 160MHz - 21.50.1.1,22343,60,10,35,22413,Intel(R) Wi-Fi 6 AX200 160MHz,21.50.1.1,99.7,10/5/2019
Intel(R) Dual Band Wireless-AC 8265 - 21.120.0.9,126446,145,221,135,126812,Intel(R) Dual Band Wireless-AC 8265,21.120.0.9,99.7,8/15/2020
Intel(R) Dual Band Wireless-AC 8265 - 20.70.4.2,4103330,9730,2464,4522,4115524,Intel(R) Dual Band Wireless-AC 8265,20.70.4.2,99.7,10/21/2018
Intel(R) Wi-Fi 6 AX200 160MHz - 21.10.2.2,1333474,2486,1863,1460,1337823,Intel(R) Wi-Fi 6 AX200 160MHz,21.10.2.2,99.7,Not Found
Realtek RTL8852AE WiFi 6 802.11ax PCIe Adapter - 6001.10.356.1,548679,1403,180,1035,550262,Realtek RTL8852AE WiFi 6 802.11ax PCIe Adapter,6001.10.356.1,99.7,5/12/2024
Realtek RTL8852BE WiFi 6 802.11ax PCIe Adapter - 6001.15.131.0,454493,1062,90,706,455645,Realtek RTL8852BE WiFi 6 802.11ax PCIe Adapter,6001.15.131.0,99.7,10/3/2022
Intel(R) Dual Band Wireless-AC 8260 - 20.70.3.3,1420902,2259,1721,1984,1424882,Intel(R) Dual Band Wireless-AC 8260,20.70.3.3,99.7,9/2/2018
Qualcomm QCA61x4A 802.11ac Wireless Adapter - 12.0.0.926,189403,474,128,196,190005,Qualcomm QCA61x4A 802.11ac Wireless Adapter,12.0.0.926,99.7,9/18/2019
Intel(R) Dual Band Wireless-AC 8260 - 20.70.24.1,21228,19,43,25,21290,Intel(R) Dual Band Wireless-AC 8260,20.70.24.1,99.7,5/9/2021
Intel(R) Wi-Fi 6E AX211 160MHz - 23.70.2.3,201806,274,313,531,202393,Intel(R) Wi-Fi 6E AX211 160MHz,23.70.2.3,99.7,7/23/2024
Intel(R) Wi-Fi 6 AX201 160MHz - 22.220.0.4,638724,1605,507,1162,640836,Intel(R) Wi-Fi 6 AX201 160MHz,22.220.0.4,99.7,3/28/2023
Intel(R) Wi-Fi 6 AX201 160MHz - 22.190.0.4,1241720,2591,1136,2203,1245447,Intel(R) Wi-Fi 6 AX201 160MHz,22.190.0.4,99.7,11/22/2022
Intel(R) Wi-Fi 6 AX201 160MHz - 22.170.0.3,934522,2091,583,1569,937196,Intel(R) Wi-Fi 6 AX201 160MHz,22.170.0.3,99.7,8/28/2022
Intel(R) Wi-Fi 6 AX201 160MHz - 22.0.1.1,897713,1252,1075,1859,900040,Intel(R) Wi-Fi 6 AX201 160MHz,22.0.1.1,99.7,9/28/2020
Intel(R) Wi-Fi 6 AX200 160MHz - 23.80.1.3,73548,169,24,124,73741,Intel(R) Wi-Fi 6 AX200 160MHz,23.80.1.3,99.7,9/3/2024
Intel(R) Wireless-AC 9560 160MHz - 21.90.3.2,76511,35,190,118,76736,Intel(R) Wireless-AC 9560 160MHz,21.90.3.2,99.7,5/3/2020
Intel(R) Wireless-AC 9260 160MHz - 21.50.1.1,138624,390,44,213,139058,Intel(R) Wireless-AC 9260 160MHz,21.50.1.1,99.7,10/5/2019
Intel(R) Wi-Fi 6 AX201 160MHz - 23.120.0.3,49750,25,134,89,49909,Intel(R) Wi-Fi 6 AX201 160MHz,23.120.0.3,99.7,2/5/2025
Intel(R) Wi-Fi 6E AX210 160MHz - 23.110.0.5,141839,350,148,316,142337,Intel(R) Wi-Fi 6E AX210 160MHz,23.110.0.5,99.7,1/1/2025
Intel(R) Wi-Fi 6E AX210 160MHz - 22.250.1.2,23130,57,17,62,23204,Intel(R) Wi-Fi 6E AX210 160MHz,22.250.1.2,99.7,8/6/2023
Intel(R) Wi-Fi 6 AX201 160MHz - 23.80.1.3,124479,295,70,310,124844,Intel(R) Wi-Fi 6 AX201 160MHz,23.80.1.3,99.7,9/3/2024
Intel(R) Wi-Fi 6 AX201 160MHz - 22.90.0.5,312870,419,530,396,313819,Intel(R) Wi-Fi 6 AX201 160MHz,22.90.0.5,99.7,9/26/2021
Intel(R) Wi-Fi 6E AX211 160MHz - 22.230.0.8,1593561,2866,2614,2718,1599041,Intel(R) Wi-Fi 6E AX211 160MHz,22.230.0.8,99.7,5/8/2023
Intel(R) Wi-Fi 6E AX211 160MHz - 22.110.1.1,130740,188,263,185,131191,Intel(R) Wi-Fi 6E AX211 160MHz,22.110.1.1,99.7,1/1/2022
Intel(R) Dual Band Wireless-AC 3168 - 19.51.30.1,278922,379,566,344,279867,Intel(R) Dual Band Wireless-AC 3168,19.51.30.1,99.7,6/1/2020
Intel(R) Dual Band Wireless-AC 7260 - 18.33.17.1,421173,380,728,500,422281,Intel(R) Dual Band Wireless-AC 7260,18.33.17.1,99.7,4/28/2019
TP-Link Wireless USB Adapter - 5001.19.113.2,13326,25,5,14,13356,TP-Link Wireless USB Adapter,5001.19.113.2,99.8,Not Found
Intel(R) Wi-Fi 6E AX210 160MHz - 23.40.0.4,58739,64,56,125,58859,Intel(R) Wi-Fi 6E AX210 160MHz,23.40.0.4,99.8,3/9/2024
Intel(R) Wi-Fi 6E AX210 160MHz - 23.90.0.2,442810,434,463,759,443707,Intel(R) Wi-Fi 6E AX210 160MHz,23.90.0.2,99.8,9/25/2024
Intel(R) Wi-Fi 6E AX210 160MHz - 23.90.1.3,127181,241,65,183,127487,Intel(R) Wi-Fi 6E AX210 160MHz,23.90.1.3,99.8,10/12/2024
Qualcomm QCA61x4A 802.11ac Wireless Adapter - 12.0.0.1118,1226945,1442,1566,1546,1229953,Qualcomm QCA61x4A 802.11ac Wireless Adapter,12.0.0.1118,99.8,6/14/2021
Intel(R) Dual Band Wireless-AC 8260 - 20.70.25.2,427977,383,678,556,429038,Intel(R) Dual Band Wireless-AC 8260,20.70.25.2,99.8,6/21/2021
Intel(R) Wi-Fi 6E AX211 160MHz - 23.100.0.4,161551,350,37,307,161938,Intel(R) Wi-Fi 6E AX211 160MHz,23.100.0.4,99.8,11/10/2024
Intel(R) Dual Band Wireless-AC 8260 - 22.60.0.6,48124,100,0,60,48224,Intel(R) Dual Band Wireless-AC 8260,22.60.0.6,99.8,5/26/2021
Intel(R) Wi-Fi 6 AX201 160MHz - 22.60.0.6,82571,110,30,195,82711,Intel(R) Wi-Fi 6 AX201 160MHz,22.60.0.6,99.8,5/26/2021
Intel(R) Wi-Fi 6 AX201 160MHz - 22.0.0.6,1205740,1449,656,1338,1207845,Intel(R) Wi-Fi 6 AX201 160MHz,22.0.0.6,99.8,9/16/2020
Intel(R) Dual Band Wireless-AC 8260 - 20.70.30.1,1361363,1752,681,1910,1363796,Intel(R) Dual Band Wireless-AC 8260,20.70.30.1,99.8,1/12/2022
Marvell AVASTAR Wireless-AC Network Controller - 15.68.17022.122,272453,443,195,614,273091,Marvell AVASTAR Wireless-AC Network Controller,15.68.17022.122,99.8,9/8/2021
Intel(R) Wireless-AC 9260 160MHz - 22.250.1.2,659146,927,423,808,660496,Intel(R) Wireless-AC 9260 160MHz,22.250.1.2,99.8,8/6/2023
Intel(R) Wireless-AC 9260 160MHz - 22.30.0.11,284868,411,169,334,285448,Intel(R) Wireless-AC 9260 160MHz,22.30.0.11,99.8,1/19/2021
Intel(R) Wireless-AC 9260 160MHz - 22.220.0.4,318548,399,147,350,319094,Intel(R) Wireless-AC 9260 160MHz,22.220.0.4,99.8,3/28/2023
Intel(R) Wi-Fi 6 AX200 160MHz - 22.140.0.3,54065,84,1,85,54150,Intel(R) Wi-Fi 6 AX200 160MHz,22.140.0.3,99.8,4/25/2022
Intel(R) Wi-Fi 6 AX200 160MHz - 21.80.2.1,15860,4,30,27,15894,Intel(R) Wi-Fi 6 AX200 160MHz,21.80.2.1,99.8,2/24/2020
MediaTek MT7921 Wi-Fi 6 802.11ax PCIe Adapter - 3.0.1.1327,40248,38,33,208,40319,MediaTek MT7921 Wi-Fi 6 802.11ax PCIe Adapter,3.0.1.1327,99.8,6/30/2024
Intel(R) Wi-Fi 6 AX200 160MHz - 22.0.1.1,12994,12,10,37,13016,Intel(R) Wi-Fi 6 AX200 160MHz,22.0.1.1,99.8,9/28/2020
Intel(R) Wi-Fi 6 AX200 160MHz - 21.120.0.9,181627,218,146,440,181991,Intel(R) Wi-Fi 6 AX200 160MHz,21.120.0.9,99.8,8/15/2020
Intel(R) Wireless-AC 9260 160MHz - 21.110.1.1,308388,356,150,698,308894,Intel(R) Wireless-AC 9260 160MHz,21.110.1.1,99.8,6/30/2020
Intel(R) Wi-Fi 6E AX211 160MHz - 23.80.1.3,92011,141,75,224,92227,Intel(R) Wi-Fi 6E AX211 160MHz,23.80.1.3,99.8,9/3/2024
Intel(R) Dual Band Wireless-AC 8265 - 20.70.19.1,34324,29,25,55,34378,Intel(R) Dual Band Wireless-AC 8265,20.70.19.1,99.8,9/14/2020
Intel(R) Dual Band Wireless-AC 8265 - 20.70.30.1,2809990,2638,2989,4407,2815617,Intel(R) Dual Band Wireless-AC 8265,20.70.30.1,99.8,1/12/2022
Intel(R) Wireless-AC 9260 160MHz - 22.170.0.3,989190,1751,557,1139,991498,Intel(R) Wireless-AC 9260 160MHz,22.170.0.3,99.8,8/28/2022
Intel(R) Dual Band Wireless-AC 3165 - 22.130.0.5,99672,56,174,129,99902,Intel(R) Dual Band Wireless-AC 3165,22.130.0.5,99.8,3/14/2022
Intel(R) Dual Band Wireless-AC 3168 - 19.51.21.1,767601,1611,139,897,769351,Intel(R) Dual Band Wireless-AC 3168,19.51.21.1,99.8,4/28/2019
Intel(R) Dual Band Wireless-AC 7260 - 18.33.14.3,133048,80,142,157,133270,Intel(R) Dual Band Wireless-AC 7260,18.33.14.3,99.8,9/2/2018
Intel(R) Wi-Fi 6 AX201 160MHz - 21.80.2.1,356357,397,216,1157,356970,Intel(R) Wi-Fi 6 AX201 160MHz,21.80.2.1,99.8,2/24/2020
Intel(R) Wi-Fi 6 AX201 160MHz - 21.80.0.4,63994,66,41,68,64101,Intel(R) Wi-Fi 6 AX201 160MHz,21.80.0.4,99.8,1/29/2020
Intel(R) Wi-Fi 6 AX200 160MHz - 22.80.1.1,12502,27,3,40,12532,Intel(R) Wi-Fi 6 AX200 160MHz,22.80.1.1,99.8,5/1/2022
Intel(R) Wireless-AC 9560 160MHz - 21.20.1.1,9350485,10183,10343,12728,9371011,Intel(R) Wireless-AC 9560 160MHz,21.20.1.1,99.8,5/29/2019
Intel(R) Wireless-AC 9260 160MHz - 22.90.0.5,2068193,2142,1297,2366,2071632,Intel(R) Wireless-AC 9260 160MHz,22.90.0.5,99.8,9/26/2021
Intel(R) Wireless-AC 9260 160MHz - 23.10.0.8,22202,18,35,30,22255,Intel(R) Wireless-AC 9260 160MHz,23.10.0.8,99.8,10/30/2023
Realtek RTL8852BE WiFi 6 802.11ax PCIe Adapter - 6001.15.135.0,181550,205,109,443,181864,Realtek RTL8852BE WiFi 6 802.11ax PCIe Adapter,6001.15.135.0,99.8,12/1/2022
Realtek RTL8852BE WiFi 6 802.11ax PCIe Adapter - 6001.15.145.600,31255,53,21,91,31329,Realtek RTL8852BE WiFi 6 802.11ax PCIe Adapter,6001.15.145.600,99.8,8/16/2023
Realtek RTL8852BE WiFi 6 802.11ax PCIe Adapter - 6001.15.149.100,3797989,5305,1886,5645,3805180,Realtek RTL8852BE WiFi 6 802.11ax PCIe Adapter,6001.15.149.100,99.8,1/16/2024
Intel(R) Dual Band Wireless-AC 7265 - 19.51.15.3,851441,1097,414,1006,852952,Intel(R) Dual Band Wireless-AC 7265,19.51.15.3,99.8,9/2/2018
Intel(R) Wireless-AC 9560 160MHz - 21.80.2.1,185343,242,67,368,185652,Intel(R) Wireless-AC 9560 160MHz,21.80.2.1,99.8,2/24/2020
Intel(R) Wireless-AC 9560 160MHz - 23.60.1.2,12019895,18256,6330,14905,12044481,Intel(R) Wireless-AC 9560 160MHz,23.60.1.2,99.8,6/2/2024
Intel(R) Wireless-AC 9560 160MHz - 23.90.1.3,28258,45,20,61,28323,Intel(R) Wireless-AC 9560 160MHz,23.90.1.3,99.8,10/12/2024
Intel(R) Wireless-AC 9462 - 22.250.1.2,20812,8,35,22,20855,Intel(R) Wireless-AC 9462,22.250.1.2,99.8,8/6/2023
Qualcomm FastConnect 6900 Wi-Fi 6E Dual Band Simultaneous (DBS) WDI Network Adapter - 1.0.0.1694,231124,175,41,371,231340,Qualcomm FastConnect 6900 Wi-Fi 6E Dual Band Simultaneous (DBS) WDI Network Adapter,1.0.0.1694,99.9,8/8/2024
Intel(R) Dual Band Wireless-AC 8265 - 22.30.0.11,162323,5,124,237,162452,Intel(R) Dual Band Wireless-AC 8265,22.30.0.11,99.9,1/19/2021
Realtek 8812BU Wireless LAN 802.11ac USB NIC - 1030.38.712.2019,61348,83,0,66,61431,Realtek 8812BU Wireless LAN 802.11ac USB NIC,1030.38.712.2019,99.9,7/17/2019
Intel(R) Dual Band Wireless-AC 7265 - 19.50.1.6,29147,17,22,39,29186,Intel(R) Dual Band Wireless-AC 7265,19.50.1.6,99.9,Not Found
Intel(R) Dual Band Wireless-AC 3160 - 18.33.17.1,133268,49,137,145,133454,Intel(R) Dual Band Wireless-AC 3160,18.33.17.1,99.9,4/28/2019
Intel(R) Wi-Fi 6E AX211 160MHz - 22.220.0.4,20421,15,0,46,20436,Intel(R) Wi-Fi 6E AX211 160MHz,22.220.0.4,99.9,3/28/2023
Intel(R) Wi-Fi 6 AX201 160MHz - 22.80.0.9,68964,56,25,131,69045,Intel(R) Wi-Fi 6 AX201 160MHz,22.80.0.9,99.9,8/18/2021
Intel(R) Dual Band Wireless-AC 8260 - 20.70.5.2,100899,27,110,116,101036,Intel(R) Dual Band Wireless-AC 8260,20.70.5.2,99.9,11/25/2018
Intel(R) Wi-Fi 6E AX210 160MHz - 22.130.0.5,14830,15,1,23,14846,Intel(R) Wi-Fi 6E AX210 160MHz,22.130.0.5,99.9,3/14/2022
Intel(R) Wi-Fi 6 AX201 160MHz - 23.100.0.4,295168,229,178,411,295575,Intel(R) Wi-Fi 6 AX201 160MHz,23.100.0.4,99.9,11/10/2024
Killer(R) Wi-Fi 6 AX1650s 160MHz Wireless Network Adapter (201D2W) - 22.250.0.4,56711,52,9,94,56772,Killer(R) Wi-Fi 6 AX1650s 160MHz Wireless Network Adapter (201D2W),22.250.0.4,99.9,7/25/2023
Intel(R) Wi-Fi 6 AX200 160MHz - 22.160.0.4,94154,17,32,101,94203,Intel(R) Wi-Fi 6 AX200 160MHz,22.160.0.4,99.9,8/13/2022
Intel(R) Wi-Fi 6 AX200 160MHz - 22.190.0.4,280686,288,107,305,281081,Intel(R) Wi-Fi 6 AX200 160MHz,22.190.0.4,99.9,11/22/2022
MediaTek MT7921 Wi-Fi 6 802.11ax PCIe Adapter - 3.0.1.1255,23029,15,16,155,23060,MediaTek MT7921 Wi-Fi 6 802.11ax PCIe Adapter,3.0.1.1255,99.9,7/4/2022
Killer(R) Wi-Fi 6 AX1650x 160MHz Wireless Network Adapter (200NGW) - 23.90.0.2,23365,29,1,53,23395,Killer(R) Wi-Fi 6 AX1650x 160MHz Wireless Network Adapter (200NGW),23.90.0.2,99.9,9/25/2024
Intel(R) Wi-Fi 6 AX200 160MHz - 21.40.2.2,79477,29,25,138,79531,Intel(R) Wi-Fi 6 AX200 160MHz,21.40.2.2,99.9,8/31/2019
Intel(R) Wi-Fi 7 BE200 320MHz - 23.60.1.2,46051,30,2,94,46083,Intel(R) Wi-Fi 7 BE200 320MHz,23.60.1.2,99.9,6/2/2024
Intel(R) Dual Band Wireless-AC 8265 - 20.70.5.2,179689,146,4,189,179839,Intel(R) Dual Band Wireless-AC 8265,20.70.5.2,99.9,11/25/2018
Intel(R) Dual Band Wireless-AC 8265 - 20.70.26.2,59360,43,33,203,59436,Intel(R) Dual Band Wireless-AC 8265,20.70.26.2,99.9,8/8/2021
Intel(R) Wi-Fi 7 BE200 320MHz - 23.70.3.1,20065,2,9,29,20076,Intel(R) Wi-Fi 7 BE200 320MHz,23.70.3.1,99.9,8/6/2024
Qualcomm FastConnect 6900 Wi-Fi 6E Dual Band Simultaneous (DBS) WiFiCx Network Adapter - 2.0.0.1193,15569,22,0,20,15591,Qualcomm FastConnect 6900 Wi-Fi 6E Dual Band Simultaneous (DBS) WiFiCx Network Adapter,2.0.0.1193,99.9,6/2/2024
Intel(R) Wi-Fi 6E AX211 160MHz - 22.100.1.1,247645,192,131,296,247968,Intel(R) Wi-Fi 6E AX211 160MHz,22.100.1.1,99.9,5/1/2022
Intel(R) Dual Band Wireless-AC 8260 - 20.50.0.5,232598,57,80,247,232735,Intel(R) Dual Band Wireless-AC 8260,20.50.0.5,99.9,Not Found
Intel(R) Dual Band Wireless-AC 8260 - 20.70.12.5,142411,88,59,162,142558,Intel(R) Dual Band Wireless-AC 8260,20.70.12.5,99.9,8/25/2019
Intel(R) Wireless-AC 9260 160MHz - 23.60.1.2,38004,19,10,93,38033,Intel(R) Wireless-AC 9260 160MHz,23.60.1.2,99.9,6/2/2024
Intel(R) Wireless-AC 9560 160MHz - 22.120.0.3,89230,36,15,146,89281,Intel(R) Wireless-AC 9560 160MHz,22.120.0.3,99.9,1/30/2022
Intel(R) Wireless-AC 9560 160MHz - 23.30.0.6,587284,619,173,1069,588076,Intel(R) Wireless-AC 9560 160MHz,23.30.0.6,99.9,1/20/2024
Intel(R) Wireless-AC 9560 160MHz - 21.110.3.2,102880,0,147,102,103027,Intel(R) Wireless-AC 9560 160MHz,21.110.3.2,99.9,8/5/2020
Intel(R) Wireless-AC 9560 160MHz - 22.130.0.5,107222,90,4,162,107316,Intel(R) Wireless-AC 9560 160MHz,22.130.0.5,99.9,3/14/2022
Intel(R) Wireless-AC 9560 160MHz - 21.110.1.1,609759,145,730,881,610634,Intel(R) Wireless-AC 9560 160MHz,21.110.1.1,99.9,6/30/2020
Intel(R) Wireless-AC 9560 160MHz - 21.110.2.1,33764,17,2,77,33783,Intel(R) Wireless-AC 9560 160MHz,21.110.2.1,99.9,7/20/2020
Intel(R) Wireless-AC 9260 160MHz - 23.50.0.6,776648,393,170,903,777211,Intel(R) Wireless-AC 9260 160MHz,23.50.0.6,99.9,4/13/2024
Intel(R) Wireless-AC 9560 160MHz - 23.80.0.7,2158749,2257,914,4165,2161920,Intel(R) Wireless-AC 9560 160MHz,23.80.0.7,99.9,9/1/2024
Intel(R) Wireless-AC 9560 160MHz - 23.90.0.2,4389028,3987,1578,5408,4394593,Intel(R) Wireless-AC 9560 160MHz,23.90.0.2,99.9,9/25/2024
Killer Wireless-n/a/ac 1535 Wireless Network Adapter - 12.0.0.1118,10311,6,3,51,10320,Killer Wireless-n/a/ac 1535 Wireless Network Adapter,12.0.0.1118,99.9,6/14/2021
Intel(R) Wireless-AC 9560 160MHz - 22.250.10.1,75363,26,56,139,75445,Intel(R) Wireless-AC 9560 160MHz,22.250.10.1,99.9,8/14/2023
Intel(R) Wi-Fi 6 AX200 160MHz - 22.250.10.1,69513,64,1,85,69578,Intel(R) Wi-Fi 6 AX200 160MHz,22.250.10.1,99.9,8/14/2023
Intel(R) Wireless-AC 9560 160MHz - 20.110.0.3,40189,26,5,63,40220,Intel(R) Wireless-AC 9560 160MHz,20.110.0.3,99.9,11/27/2018
Intel(R) Wireless-AC 9560 160MHz - 23.20.0.4,44133,17,10,89,44160,Intel(R) Wireless-AC 9560 160MHz,23.20.0.4,99.9,11/28/2023
Intel(R) Wireless-AC 9560 160MHz - 23.120.0.3,14830,11,0,18,14841,Intel(R) Wireless-AC 9560 160MHz,23.120.0.3,99.9,2/5/2025
Intel(R) Wireless-AC 9560 160MHz - 22.30.0.11,226700,266,45,345,227011,Intel(R) Wireless-AC 9560 160MHz,22.30.0.11,99.9,1/19/2021
Intel(R) Wi-Fi 6 AX200 160MHz - 22.230.0.8,309693,167,25,434,309885,Intel(R) Wi-Fi 6 AX200 160MHz,22.230.0.8,99.9,5/8/2023
Intel(R) Wi-Fi 6 AX200 160MHz - 22.200.0.6,135243,67,64,175,135374,Intel(R) Wi-Fi 6 AX200 160MHz,22.200.0.6,99.9,1/16/2023
Intel(R) Wireless-AC 9560 160MHz - 23.40.1.1,273532,154,20,498,273706,Intel(R) Wireless-AC 9560 160MHz,23.40.1.1,99.9,3/19/2024
Intel(R) Wireless-AC 9560 160MHz - 21.30.3.2,320890,196,10,313,321096,Intel(R) Wireless-AC 9560 160MHz,21.30.3.2,99.9,7/6/2019
Intel(R) Wi-Fi 6 AX200 160MHz - 23.70.2.3,17137,0,11,19,17148,Intel(R) Wi-Fi 6 AX200 160MHz,23.70.2.3,99.9,7/23/2024
Intel(R) Wireless-AC 9560 160MHz - 22.10.0.7,284668,65,117,388,284850,Intel(R) Wireless-AC 9560 160MHz,22.10.0.7,99.9,10/19/2020
Intel(R) Wireless-AC 9560 160MHz - 22.160.0.4,3411342,2821,235,4571,3414398,Intel(R) Wireless-AC 9560 160MHz,22.160.0.4,99.9,8/13/2022
Intel(R) Wireless-AC 9560 160MHz - 22.220.0.4,226727,14,111,382,226852,Intel(R) Wireless-AC 9560 160MHz,22.220.0.4,99.9,3/28/2023
Intel(R) Wireless-AC 9560 160MHz - 22.140.0.3,170552,129,17,243,170698,Intel(R) Wireless-AC 9560 160MHz,22.140.0.3,99.9,4/25/2022
Realtek RTL8852BE WiFi 6 802.11ax PCIe Adapter - 6001.15.128.0,82369,61,12,182,82442,Realtek RTL8852BE WiFi 6 802.11ax PCIe Adapter,6001.15.128.0,99.9,8/29/2022
Realtek RTL8852BE WiFi 6 802.11ax PCIe Adapter - 6001.15.124.0,10884,8,2,20,10894,Realtek RTL8852BE WiFi 6 802.11ax PCIe Adapter,6001.15.124.0,99.9,7/3/2022
Realtek RTL8852BE WiFi 6 802.11ax PCIe Adapter - 6001.15.123.322,16975,14,0,24,16989,Realtek RTL8852BE WiFi 6 802.11ax PCIe Adapter,6001.15.123.322,99.9,6/30/2024
Intel(R) Dual Band Wireless-AC 7265 - 19.51.29.1,37528,0,0,45,37528,Intel(R) Dual Band Wireless-AC 7265,19.51.29.1,100.0,4/15/2020
Intel(R) Dual Band Wireless-AC 7265 - 19.51.30.1,149077,50,6,201,149133,Intel(R) Dual Band Wireless-AC 7265,19.51.30.1,100.0,6/1/2020
Realtek RTL8822BE 802.11ac PCIe Adapter - 2024.0.10.209,44660,13,5,39,44678,Realtek RTL8822BE 802.11ac PCIe Adapter,2024.0.10.209,100.0,12/3/2019
Realtek RTL8822CE 802.11ac PCIe Adapter - 2024.10.227.0,32695,5,4,75,32704,Realtek RTL8822CE 802.11ac PCIe Adapter,2024.10.227.0,100.0,6/20/2022
Realtek RTL8822CE 802.11ac PCIe Adapter - 2024.10.228.7,30695,0,0,43,30695,Realtek RTL8822CE 802.11ac PCIe Adapter,2024.10.228.7,100.0,9/13/2023
Realtek RTL8852BE WiFi 6 802.11ax PCIe Adapter - 6001.15.141.0,45691,11,3,120,45705,Realtek RTL8852BE WiFi 6 802.11ax PCIe Adapter,6001.15.141.0,100.0,4/17/2023
Realtek RTL8852BE WiFi 6 802.11ax PCIe Adapter - 6001.15.143.0,325903,73,56,761,326032,Realtek RTL8852BE WiFi 6 802.11ax PCIe Adapter,6001.15.143.0,100.0,6/5/2023
Intel(R) Dual Band Wireless-AC 3168 - 19.51.40.1,91902,7,5,108,91914,Intel(R) Dual Band Wireless-AC 3168,19.51.40.1,100.0,2/19/2022
Intel(R) Dual Band Wireless-AC 7260 - 18.33.15.1,78606,0,0,81,78606,Intel(R) Dual Band Wireless-AC 7260,18.33.15.1,100.0,11/10/2018
Realtek RTL8852BE WiFi 6 802.11ax PCIe Adapter - 6001.15.144.0,17672,0,0,38,17672,Realtek RTL8852BE WiFi 6 802.11ax PCIe Adapter,6001.15.144.0,100.0,7/10/2023
Realtek RTL8852BE WiFi 6 802.11ax PCIe Adapter - 6001.15.149.0,81217,14,14,140,81245,Realtek RTL8852BE WiFi 6 802.11ax PCIe Adapter,6001.15.149.0,100.0,12/20/2023
Realtek RTL8852BE WiFi 6 802.11ax PCIe Adapter - 6001.15.152.0,550348,191,40,1289,550579,Realtek RTL8852BE WiFi 6 802.11ax PCIe Adapter,6001.15.152.0,100.0,4/15/2024
Intel(R) Wireless-AC 9560 160MHz - 21.40.1.4,33264,14,2,43,33280,Intel(R) Wireless-AC 9560 160MHz,21.40.1.4,100.0,8/14/2019
Intel(R) Wireless-AC 9560 160MHz - 21.40.2.2,114644,18,7,386,114669,Intel(R) Wireless-AC 9560 160MHz,21.40.2.2,100.0,8/31/2019
Intel(R) Wireless-AC 9560 160MHz - 21.50.1.1,290333,47,47,392,290427,Intel(R) Wireless-AC 9560 160MHz,21.50.1.1,100.0,10/5/2019
Intel(R) Wireless-AC 9560 160MHz - 21.70.0.6,65414,3,6,103,65423,Intel(R) Wireless-AC 9560 160MHz,21.70.0.6,100.0,1/6/2020
Intel(R) Wireless-AC 9560 160MHz - 21.90.1.2,189983,45,9,141,190037,Intel(R) Wireless-AC 9560 160MHz,21.90.1.2,100.0,4/5/2020
Intel(R) Wireless-AC 9560 160MHz - 22.100.0.3,25800,4,4,28,25808,Intel(R) Wireless-AC 9560 160MHz,22.100.0.3,100.0,5/1/2022
Intel(R) Wi-Fi 6 AX201 160MHz #2 - 23.80.0.7,28332,0,0,47,28332,Intel(R) Wi-Fi 6 AX201 160MHz #2,23.80.0.7,100.0,9/25/2024
Intel(R) Wi-Fi 6 AX201 160MHz - 21.110.3.2,48655,2,1,53,48658,Intel(R) Wi-Fi 6 AX201 160MHz,21.110.3.2,100.0,8/5/2020
Intel(R) Wireless-AC 9560 160MHz - 22.150.1.1,147270,4,44,200,147318,Intel(R) Wireless-AC 9560 160MHz,22.150.1.1,100.0,6/20/2022
Intel(R) Wireless-AC 9560 160MHz - 22.190.0.4,23395,0,0,52,23395,Intel(R) Wireless-AC 9560 160MHz,22.190.0.4,100.0,11/22/2022
Intel(R) Wireless-AC 9560 160MHz - 22.200.2.1,428927,70,37,614,429034,Intel(R) Wireless-AC 9560 160MHz,22.200.2.1,100.0,3/8/2023
Intel(R) Wi-Fi 6 AX200 160MHz - 22.30.0.11,65686,4,9,142,65699,Intel(R) Wi-Fi 6 AX200 160MHz,22.30.0.11,100.0,1/19/2021
Intel(R) Wi-Fi 6 AX201 160MHz - 21.60.2.1,56003,0,15,62,56018,Intel(R) Wi-Fi 6 AX201 160MHz,21.60.2.1,100.0,12/14/2019
Intel(R) Wi-Fi 6 AX201 160MHz - 21.70.0.6,101318,21,14,134,101353,Intel(R) Wi-Fi 6 AX201 160MHz,21.70.0.6,100.0,1/6/2020
Intel(R) Wireless-AC 9560 - 20.30.4.1,93532,44,0,131,93576,Intel(R) Wireless-AC 9560,20.30.4.1,100.0,2/17/2018
Intel(R) Wireless-AC 9560 - 20.40.0.4,13665,2,4,13,13671,Intel(R) Wireless-AC 9560,20.40.0.4,100.0,2/5/2018
Intel(R) Wireless-AC 9560 - 20.90.0.7,22706,0,0,18,22706,Intel(R) Wireless-AC 9560,20.90.0.7,100.0,9/24/2018
Intel(R) Wireless-AC 9560 160MHz - 20.100.0.4,99836,0,0,116,99836,Intel(R) Wireless-AC 9560 160MHz,20.100.0.4,100.0,10/31/2018
Intel(R) Wireless-AC 9560 160MHz - 21.0.0.5,188845,38,31,215,188914,Intel(R) Wireless-AC 9560 160MHz,21.0.0.5,100.0,8/31/2019
Intel(R) Wireless-AC 9560 160MHz - 21.0.1.1,166365,3,6,141,166374,Intel(R) Wireless-AC 9560 160MHz,21.0.1.1,100.0,3/24/2019
Intel(R) Wireless-AC 9560 160MHz - 21.10.0.5,103396,16,15,278,103427,Intel(R) Wireless-AC 9560 160MHz,21.10.0.5,100.0,4/6/2019
Intel(R) Wireless-AC 9560 160MHz - 21.10.1.2,454612,1,0,351,454613,Intel(R) Wireless-AC 9560 160MHz,21.10.1.2,100.0,8/10/2019
Intel(R) Wireless-AC 9560 160MHz - 21.10.2.2,60941,15,3,111,60959,Intel(R) Wireless-AC 9560 160MHz,21.10.2.2,100.0,Not Found
Intel(R) Wireless-AC 9560 160MHz - 22.40.0.7,131828,48,17,311,131893,Intel(R) Wireless-AC 9560 160MHz,22.40.0.7,100.0,3/2/2021
Intel(R) Wireless-AC 9560 160MHz - 22.50.0.7,1494566,266,41,1893,1494873,Intel(R) Wireless-AC 9560 160MHz,22.50.0.7,100.0,4/18/2021
Intel(R) Wireless-AC 9560 160MHz - 22.70.0.6,75627,2,8,80,75637,Intel(R) Wireless-AC 9560 160MHz,22.70.0.6,100.0,6/28/2021
Intel(R) Wireless-AC 9560 160MHz - 22.80.1.1,65921,0,0,64,65921,Intel(R) Wireless-AC 9560 160MHz,22.80.1.1,100.0,5/1/2022
Intel(R) Wireless-AC 9560 160MHz - 23.10.0.8,97109,10,3,116,97122,Intel(R) Wireless-AC 9560 160MHz,23.10.0.8,100.0,10/30/2023
Intel(R) Wireless-AC 9560 160MHz - 23.110.0.5,26727,8,4,72,26739,Intel(R) Wireless-AC 9560 160MHz,23.110.0.5,100.0,1/1/2025
Intel(R) Wireless-AC 9560 160MHz - 21.120.0.9,91313,12,9,187,91334,Intel(R) Wireless-AC 9560 160MHz,21.120.0.9,100.0,8/15/2020
Intel(R) Wireless-AC 9260 160MHz - 22.40.0.7,98707,7,2,144,98716,Intel(R) Wireless-AC 9260 160MHz,22.40.0.7,100.0,3/2/2021
Intel(R) Wireless-AC 9260 160MHz - 23.100.0.4,64140,26,3,88,64169,Intel(R) Wireless-AC 9260 160MHz,23.100.0.4,100.0,11/10/2024
Intel(R) Wireless-AC 9260 160MHz - 23.20.1.1,32457,0,0,40,32457,Intel(R) Wireless-AC 9260 160MHz,23.20.1.1,100.0,12/19/2023
Intel(R) Wireless-AC 9260 160MHz - 23.80.0.7,132329,15,20,215,132364,Intel(R) Wireless-AC 9260 160MHz,23.80.0.7,100.0,9/1/2024
Intel(R) Wireless-AC 9560 160MHz - 23.50.0.6,27164,8,3,33,27175,Intel(R) Wireless-AC 9560 160MHz,23.50.0.6,100.0,4/13/2024
Intel(R) Wireless-AC 9560 160MHz - 23.70.4.1,52231,6,0,66,52237,Intel(R) Wireless-AC 9560 160MHz,23.70.4.1,100.0,8/13/2024
Intel(R) Wireless-AC 9462 - 23.60.1.2,40025,0,2,38,40027,Intel(R) Wireless-AC 9462,23.60.1.2,100.0,6/2/2024
Intel(R) Wireless-AC 9260 160MHz - 22.120.0.3,111606,28,17,156,111651,Intel(R) Wireless-AC 9260 160MHz,22.120.0.3,100.0,1/30/2022
Intel(R) Wireless-AC 9260 160MHz - 22.130.0.5,34662,0,0,36,34662,Intel(R) Wireless-AC 9260 160MHz,22.130.0.5,100.0,3/14/2022
Intel(R) Wireless-AC 9260 160MHz - 22.160.0.4,54843,11,2,62,54856,Intel(R) Wireless-AC 9260 160MHz,22.160.0.4,100.0,8/13/2022
Intel(R) Wireless-AC 9260 160MHz - 22.180.0.4,81621,2,10,154,81633,Intel(R) Wireless-AC 9260 160MHz,22.180.0.4,100.0,10/17/2022
Intel(R) Wireless-AC 9260 160MHz - 22.240.0.6,97277,11,3,109,97291,Intel(R) Wireless-AC 9260 160MHz,22.240.0.6,100.0,6/17/2023
Killer(R) Wi-Fi 6E AX1675x 160MHz Wireless Network Adapter (210NGW) - 22.70.0.6,66469,0,2,61,66471,Killer(R) Wi-Fi 6E AX1675x 160MHz Wireless Network Adapter (210NGW),22.70.0.6,100.0,6/28/2021
Killer(R) Wi-Fi 6E AX1675x 160MHz Wireless Network Adapter (210NGW) - 23.60.1.2,13719,0,2,14,13721,Killer(R) Wi-Fi 6E AX1675x 160MHz Wireless Network Adapter (210NGW),23.60.1.2,100.0,6/2/2024
MediaTek MT7921 Wi-Fi 6 802.11ax PCIe Adapter - 3.0.1.1216,32188,0,0,29,32188,MediaTek MT7921 Wi-Fi 6 802.11ax PCIe Adapter,3.0.1.1216,100.0,12/23/2021
Intel(R) Wi-Fi 6 AX200 160MHz - 21.10.1.2,34004,1,2,29,34007,Intel(R) Wi-Fi 6 AX200 160MHz,21.10.1.2,100.0,4/23/2019
MediaTek Wi-Fi 6 MT7921 Wireless LAN Card - 22.30.1.1339,10921,1,1,35,10923,MediaTek Wi-Fi 6 MT7921 Wireless LAN Card,22.30.1.1339,100.0,8/18/2022
MediaTek Wi-Fi 6E MT7922 (RZ616) 160MHz PCIe Adapter - 3.3.0.1030,16010,3,0,50,16013,MediaTek Wi-Fi 6E MT7922 (RZ616) 160MHz PCIe Adapter,3.3.0.1030,100.0,5/9/2024
Intel(R) Wi-Fi 6 AX200 160MHz - 21.30.4.1,13010,5,1,12,13016,Intel(R) Wi-Fi 6 AX200 160MHz,21.30.4.1,100.0,7/29/2019
Intel(R) Wi-Fi 6 AX200 160MHz - 21.60.2.1,26239,2,0,44,26241,Intel(R) Wi-Fi 6 AX200 160MHz,21.60.2.1,100.0,12/14/2019
Intel(R) Wi-Fi 6 AX200 160MHz - 22.10.0.7,59005,5,3,86,59013,Intel(R) Wi-Fi 6 AX200 160MHz,22.10.0.7,100.0,10/19/2020
Intel(R) Wi-Fi 7 BE200 320MHz - 23.40.2.1,27946,0,0,20,27946,Intel(R) Wi-Fi 7 BE200 320MHz,23.40.2.1,100.0,3/30/2024
Intel(R) Wi-Fi 7 BE200 320MHz - 23.90.0.2,48567,6,0,77,48573,Intel(R) Wi-Fi 7 BE200 320MHz,23.90.0.2,100.0,9/25/2024
Intel(R) Wireless-AC 9260 - 20.70.0.100,43456,0,0,100,43456,Intel(R) Wireless-AC 9260,20.70.0.100,100.0,7/3/2018
Intel(R) Wireless-AC 9260 160MHz - 20.120.0.100,54979,0,0,63,54979,Intel(R) Wireless-AC 9260 160MHz,20.120.0.100,100.0,1/27/2019
Intel(R) Wireless-AC 9260 160MHz - 21.60.0.5,54452,0,0,60,54452,Intel(R) Wireless-AC 9260 160MHz,21.60.0.5,100.0,11/10/2019
Intel(R) Dual Band Wireless-AC 8265 - 20.70.10.2,17859,2,5,22,17866,Intel(R) Dual Band Wireless-AC 8265,20.70.10.2,100.0,5/11/2019
Intel(R) Dual Band Wireless-AC 8265 - 20.70.11.3,126650,5,14,174,126669,Intel(R) Dual Band Wireless-AC 8265,20.70.11.3,100.0,9/5/2019
Intel(R) Dual Band Wireless-AC 8265 - 20.70.12.5,121536,29,30,164,121595,Intel(R) Dual Band Wireless-AC 8265,20.70.12.5,100.0,8/25/2019
Intel(R) Dual Band Wireless-AC 8265 - 20.70.8.1,38965,3,0,61,38968,Intel(R) Dual Band Wireless-AC 8265,20.70.8.1,100.0,3/16/2019
Intel(R) Dual Band Wireless-AC 8265 - 20.70.9.1,32628,0,0,51,32628,Intel(R) Dual Band Wireless-AC 8265,20.70.9.1,100.0,4/28/2019
Intel(R) Dual Band Wireless-AC 8265 - 22.0.1.1,48396,2,3,64,48401,Intel(R) Dual Band Wireless-AC 8265,22.0.1.1,100.0,9/28/2020
Intel(R) Dual Band Wireless-AC 8265 - 20.30.1.2,18777,2,0,21,18779,Intel(R) Dual Band Wireless-AC 8265,20.30.1.2,100.0,1/9/2018
Intel(R) Dual Band Wireless-AC 8265 - 20.50.0.4,14221,0,0,40,14221,Intel(R) Dual Band Wireless-AC 8265,20.50.0.4,100.0,5/8/2018
NETGEAR WNA3100 N300 Wireless USB Adapter - 5.100.148.5,11348,0,0,22,11348,NETGEAR WNA3100 N300 Wireless USB Adapter,5.100.148.5,100.0,Not Found
Qualcomm Atheros AR946x Wireless Network Adapter - 3.0.2.201,35591,0,0,35,35591,Qualcomm Atheros AR946x Wireless Network Adapter,3.0.2.201,100.0,Not Found
Qualcomm FastConnect 6900 Wi-Fi 6E Dual Band Simultaneous (DBS) WDI Network Adapter - 1.0.0.1633,28161,10,4,61,28175,Qualcomm FastConnect 6900 Wi-Fi 6E Dual Band Simultaneous (DBS) WDI Network Adapter,1.0.0.1633,100.0,2/26/2024
Qualcomm FastConnect 6900 Wi-Fi 6E Dual Band Simultaneous (DBS) WDI Network Adapter - 1.0.0.1671,13326,0,0,35,13326,Qualcomm FastConnect 6900 Wi-Fi 6E Dual Band Simultaneous (DBS) WDI Network Adapter,1.0.0.1671,100.0,5/30/2024
Qualcomm FastConnect 6900 Wi-Fi 6E Dual Band Simultaneous (DBS) WiFiCx Network Adapter - 2.0.0.1229,37942,12,4,95,37958,Qualcomm FastConnect 6900 Wi-Fi 6E Dual Band Simultaneous (DBS) WiFiCx Network Adapter,2.0.0.1229,100.0,8/26/2024
MediaTek Wi-Fi 6E MT7922 (RZ616) 160MHz PCIe Adapter - 3.4.0.1088,63961,17,7,199,63985,MediaTek Wi-Fi 6E MT7922 (RZ616) 160MHz PCIe Adapter,3.4.0.1088,100.0,8/7/2024
Intel(R) Wi-Fi 6 AX201 160MHz - 22.50.1.1,32487,6,3,70,32496,Intel(R) Wi-Fi 6 AX201 160MHz,22.50.1.1,100.0,4/27/2021
Intel(R) Wi-Fi 6E AX210 160MHz - 22.0.1.5,156943,0,0,158,156943,Intel(R) Wi-Fi 6E AX210 160MHz,22.0.1.5,100.0,Not Found
Intel(R) Wi-Fi 6E AX210 160MHz - 22.100.0.3,12558,0,2,24,12560,Intel(R) Wi-Fi 6E AX210 160MHz,22.100.0.3,100.0,5/1/2022
Intel(R) Wi-Fi 6E AX210 160MHz - 22.110.1.1,39096,0,0,43,39096,Intel(R) Wi-Fi 6E AX210 160MHz,22.110.1.1,100.0,1/1/2022
Intel(R) Wi-Fi 6E AX210 160MHz - 22.170.2.1,19083,0,0,23,19083,Intel(R) Wi-Fi 6E AX210 160MHz,22.170.2.1,100.0,8/30/2022
Qualcomm QCA61x4A 802.11ac Wireless Adapter - 12.0.0.1272,570176,181,23,719,570380,Qualcomm QCA61x4A 802.11ac Wireless Adapter,12.0.0.1272,100.0,3/4/2023
Qualcomm QCA9377 802.11ac Wireless Adapter - 12.0.0.697,54577,0,24,61,54601,Qualcomm QCA9377 802.11ac Wireless Adapter,12.0.0.697,100.0,3/26/2018
Qualcomm QCA9377 802.11ac Wireless Adapter - 12.0.0.953,24462,0,0,33,24462,Qualcomm QCA9377 802.11ac Wireless Adapter,12.0.0.953,100.0,6/13/2020
RZ616 Wi-Fi 6E 160MHz - 23.32.2.560,12985,1,0,65,12986,RZ616 Wi-Fi 6E 160MHz,23.32.2.560,100.0,7/16/2023
RZ616 Wi-Fi 6E 160MHz - 3.3.0.908,55196,0,0,46,55196,RZ616 Wi-Fi 6E 160MHz,3.3.0.908,100.0,11/26/2023
Realtek 8811CU Wireless LAN 802.11ac USB NIC - 1030.44.1014.2024,24213,0,0,50,24213,Realtek 8811CU Wireless LAN 802.11ac USB NIC,1030.44.1014.2024,100.0,10/13/2024
Intel(R) Dual Band Wireless-AC 8260 - 20.70.27.1,11826,2,2,18,11830,Intel(R) Dual Band Wireless-AC 8260,20.70.27.1,100.0,9/11/2021
Intel(R) Dual Band Wireless-AC 8260 - 22.80.1.1,117894,36,4,134,117934,Intel(R) Dual Band Wireless-AC 8260,22.80.1.1,100.0,9/11/2021
Realtek RTL8188EU Wireless LAN 802.11n USB 2.0 Network Adapter - 1030.38.712.2019,31193,0,0,44,31193,Realtek RTL8188EU Wireless LAN 802.11n USB 2.0 Network Adapter,1030.38.712.2019,100.0,7/17/2019
Realtek RTL8188EU Wireless LAN 802.11n USB 2.0 Network Adapter - 1030.44.1014.2024,29520,0,0,35,29520,Realtek RTL8188EU Wireless LAN 802.11n USB 2.0 Network Adapter,1030.44.1014.2024,100.0,10/13/2024
Realtek RTL8811AU Wireless LAN 802.11ac USB 2.0 Network Adapter - 1030.38.712.2019,91774,31,10,88,91815,Realtek RTL8811AU Wireless LAN 802.11ac USB 2.0 Network Adapter,1030.38.712.2019,100.0,7/17/2019
Intel(R) Dual Band Wireless-AC 7265 - 19.51.50.2,19902,2,6,27,19910,Intel(R) Dual Band Wireless-AC 7265,19.51.50.2,100.0,11/6/2023
Intel(R) Dual Band Wireless-AC 7265 - 19.51.8.3,12255,0,3,41,12258,Intel(R) Dual Band Wireless-AC 7265,19.51.8.3,100.0,Not Found
Intel(R) Dual Band Wireless-AC 8260 - 20.70.16.4,34304,2,6,59,34312,Intel(R) Dual Band Wireless-AC 8260,20.70.16.4,100.0,12/31/2019
Qualcomm QCA61x4A 802.11ac Wireless Adapter - 12.0.0.1016,139420,5,7,182,139432,Qualcomm QCA61x4A 802.11ac Wireless Adapter,12.0.0.1016,100.0,1/6/2021
Intel(R) Wi-Fi 6E AX210 160MHz - 22.70.0.6,15504,0,0,18,15504,Intel(R) Wi-Fi 6E AX210 160MHz,22.70.0.6,100.0,6/28/2021
Intel(R) Wi-Fi 6E AX210 160MHz - 23.20.1.1,11914,1,1,56,11916,Intel(R) Wi-Fi 6E AX210 160MHz,23.20.1.1,100.0,12/19/2023
Intel(R) Wi-Fi 6E AX211 160MHz - 22.150.0.3,14046,0,0,54,14046,Intel(R) Wi-Fi 6E AX211 160MHz,22.150.0.3,100.0,5/23/2022
Intel(R) Wi-Fi 6E AX211 160MHz - 22.150.3.1,10021,0,0,56,10021,Intel(R) Wi-Fi 6E AX211 160MHz,22.150.3.1,100.0,8/29/2022
Intel(R) Centrino(R) Ultimate-N 6300 AGN - 15.18.0.1,53867,0,0,61,53867,Intel(R) Centrino(R) Ultimate-N 6300 AGN,15.18.0.1,100.0,4/29/2015
Intel(R) Dual Band Wireless-AC 7265 - 19.51.14.1,100735,12,0,91,100747,Intel(R) Dual Band Wireless-AC 7265,19.51.14.1,100.0,5/26/2018
Dell Wireless 1550 802.11ac - 6.30.223.259,59523,0,0,52,59523,Dell Wireless 1550 802.11ac,6.30.223.259,100.0,Not Found
Broadcom 802.11n Network Adapter - 6.30.223.256,11919,0,0,13,11919,Broadcom 802.11n Network Adapter,6.30.223.256,100.0,Not Found
